level,name,total_hh,no_internet,cell_data_only,workers_16plus,drive_to_work,transit_walk_or_bike,work_from_home
state,Maryland,2362928,0.05,0.1,3127685,0.72,0.06,0.19
county,Allegany County,27382,0.13,0.11,26253,0.87,0.03,0.09
county,Anne Arundel County,224748,0.03,0.08,316236,0.77,0.04,0.18
county,Baltimore County,332801,0.05,0.11,421668,0.77,0.05,0.17
county,Baltimore city,255668,0.1,0.14,270602,0.63,0.17,0.18
county,Calvert County,33465,0.05,0.07,48386,0.79,0.02,0.19
county,Caroline County,12495,0.1,0.21,15703,0.89,0.01,0.07
county,Carroll County,64285,0.06,0.1,91064,0.81,0.01,0.17
county,Cecil County,40595,0.06,0.1,49031,0.84,0.02,0.12
county,Charles County,60875,0.05,0.09,88013,0.79,0.03,0.16
county,Dorchester County,13546,0.11,0.18,14562,0.89,0.02,0.07
county,Frederick County,104635,0.06,0.08,151629,0.75,0.03,0.21
county,Garrett County,12578,0.14,0.18,13132,0.83,0.03,0.12
county,Harford County,101795,0.04,0.1,135576,0.82,0.02,0.15
county,Howard County,121065,0.02,0.05,175433,0.7,0.02,0.26
county,Kent County,8493,0.11,0.1,9450,0.76,0.11,0.12
county,Montgomery County,389210,0.03,0.07,552344,0.6,0.1,0.28
county,Prince George's County,347744,0.04,0.1,490191,0.7,0.09,0.18
county,Queen Anne's County,19907,0.05,0.09,26957,0.83,0.01,0.15
county,Somerset County,8348,0.13,0.22,8784,0.86,0.04,0.09
county,St. Mary's County,42436,0.06,0.05,59087,0.78,0.04,0.18
county,Talbot County,16433,0.08,0.09,16841,0.79,0.04,0.15
county,Washington County,59818,0.1,0.1,70640,0.83,0.03,0.12
county,Wicomico County,40470,0.07,0.13,51556,0.88,0.03,0.08
county,Worcester County,24136,0.07,0.13,24547,0.83,0.04,0.12
tract,24001000100,1403,0.19,0.26,1338,0.87,0.02,0.1
tract,24001000200,1343,0.22,0.15,1363,0.92,0.02,0.06
tract,24001000500,786,0.06,0.08,471,0.74,0.07,0.19
tract,24001000600,1349,0.1,0.09,1236,0.97,0,0.02
tract,24001000700,1391,0.1,0.16,1179,0.85,0.05,0.1
tract,24001000800,816,0.11,0.21,866,0.85,0.08,0.06
tract,24001001000,1029,0.26,0.12,677,0.8,0.02,0.07
tract,24001001100,703,0.14,0.13,477,0.8,0.01,0.14
tract,24001001200,1370,0.1,0.07,1527,0.8,0.01,0.18
tract,24001001300,869,0.08,0.04,898,0.89,0.02,0.08
tract,24001001401,1582,0.13,0.07,1636,0.86,0.02,0.13
tract,24001001402,640,0.03,0.22,795,0.84,0,0.15
tract,24001001502,846,0.26,0.05,984,0.93,0,0.07
tract,24001001503,717,0.17,0.08,804,0.92,0.01,0.05
tract,24001001600,633,0.1,0.13,469,0.75,0.07,0.17
tract,24001001700,1870,0.1,0.06,1896,0.89,0,0.11
tract,24001001800,1461,0.07,0.1,1526,0.77,0.12,0.09
tract,24001001900,1097,0.14,0.1,1291,0.92,0.01,0.06
tract,24001002000,2404,0.11,0.1,2410,0.84,0.02,0.14
tract,24001002100,1177,0.12,0.12,1067,0.92,0.04,0.02
tract,24001002200,1472,0.13,0.13,1371,0.92,0.03,0.04
tract,24001002300,2424,0.14,0.07,1972,0.9,0.05,0.05
tract,24003701101,1498,0.03,0.08,1926,0.69,0.01,0.29
tract,24003701103,1525,0.01,0.03,2097,0.74,0.05,0.21
tract,24003701104,1447,0.01,0.09,1598,0.81,0.02,0.17
tract,24003701201,1330,0.01,0.08,1996,0.73,0,0.25
tract,24003701202,1730,0.05,0.04,2464,0.66,0.03,0.31
tract,24003701301,1337,0.01,0.03,1993,0.79,0.01,0.2
tract,24003701302,1377,0.04,0.08,2000,0.78,0.01,0.2
tract,24003701400,1258,0.07,0.08,1654,0.7,0.03,0.27
tract,24003702100,2624,0.02,0.07,4023,0.82,0,0.16
tract,24003702204,1570,0.01,0.07,2342,0.77,0,0.22
tract,24003702205,2349,0,0.07,2918,0.66,0.02,0.28
tract,24003702206,2478,0.02,0.05,3526,0.82,0.01,0.17
tract,24003702208,2835,0,0.03,4239,0.75,0,0.23
tract,24003702209,1296,0.05,0.05,2265,0.72,0.03,0.25
tract,24003702300,2086,0.01,0.07,3071,0.7,0.03,0.25
tract,24003702402,3873,0.07,0.08,3773,0.68,0.08,0.22
tract,24003702500,2542,0.07,0.12,3401,0.76,0.03,0.19
tract,24003702601,2179,0.02,0.07,3045,0.66,0.04,0.28
tract,24003702602,2369,0.02,0.04,2951,0.72,0.05,0.2
tract,24003702702,1565,0.04,0.01,1822,0.66,0.07,0.25
tract,24003702703,1313,0.04,0.09,1787,0.54,0,0.46
tract,24003702704,1333,0.02,0.11,1818,0.84,0.06,0.1
tract,24003706102,1178,0.03,0.09,1163,0.52,0.23,0.23
tract,24003706103,779,0.04,0.15,1093,0.35,0.27,0.26
tract,24003706302,2044,0.02,0.14,2493,0.61,0.1,0.29
tract,24003706303,1337,0.01,0.04,1100,0.86,0.03,0.11
tract,24003706304,1423,0.03,0.07,1266,0.76,0.04,0.2
tract,24003706402,1741,0.03,0.05,1973,0.72,0.03,0.21
tract,24003706403,1486,0.02,0.12,2891,0.74,0.12,0.1
tract,24003706404,1011,0.01,0.1,1269,0.7,0.12,0.13
tract,24003706500,2304,0.03,0.2,2540,0.67,0.03,0.29
tract,24003706600,2315,0.05,0.08,2640,0.71,0.03,0.25
tract,24003706700,227,0,0.09,2857,0.4,0.57,0.03
tract,24003707001,2156,0.02,0.08,3305,0.81,0,0.18
tract,24003707002,1822,0.04,0.06,2240,0.65,0.07,0.28
tract,24003708001,1468,0.03,0.08,2035,0.81,0.02,0.18
tract,24003708004,2066,0.08,0.11,3122,0.72,0,0.24
tract,24003730101,828,0.01,0.1,1242,0.81,0.01,0.17
tract,24003730102,4985,0.01,0.1,8256,0.79,0,0.21
tract,24003730204,2762,0.01,0.09,4393,0.83,0.04,0.12
tract,24003730205,1159,0.13,0.09,943,0.71,0.08,0.12
tract,24003730206,1592,0.06,0.11,1739,0.89,0.03,0.06
tract,24003730300,1218,0.02,0.1,1796,0.86,0.03,0.11
tract,24003730401,2233,0.09,0.05,3083,0.91,0.01,0.07
tract,24003730403,1652,0.02,0.14,2494,0.73,0.08,0.17
tract,24003730404,781,0.08,0.08,970,0.94,0,0.04
tract,24003730507,1556,0.01,0.13,2087,0.72,0.01,0.25
tract,24003730508,989,0.01,0.1,1364,0.88,0.05,0.07
tract,24003730509,1971,0,0.06,3114,0.81,0.02,0.16
tract,24003730510,1178,0,0.09,1747,0.73,0.04,0.21
tract,24003730511,705,0.04,0.19,650,0.77,0.1,0.03
tract,24003730512,995,0.07,0.16,1233,0.82,0.05,0.11
tract,24003730513,680,0.01,0.13,753,0.91,0.01,0.05
tract,24003730514,1373,0.03,0.08,1886,0.86,0.05,0.09
tract,24003730601,2425,0.01,0.06,3391,0.73,0.02,0.23
tract,24003730603,1024,0,0.01,1570,0.73,0.01,0.24
tract,24003730605,1102,0.02,0.03,1497,0.73,0.02,0.24
tract,24003730606,1630,0.04,0.07,2398,0.68,0.06,0.26
tract,24003730701,1063,0.05,0.11,1419,0.63,0.09,0.28
tract,24003730702,1481,0.01,0.08,2183,0.64,0.06,0.3
tract,24003730800,942,0.01,0.08,1266,0.69,0.02,0.28
tract,24003730901,1029,0,0.07,1454,0.72,0.06,0.19
tract,24003730902,1279,0.02,0.11,1867,0.77,0.02,0.21
tract,24003731002,1360,0.01,0.09,1761,0.76,0.01,0.22
tract,24003731003,1670,0.01,0.04,2687,0.76,0.01,0.22
tract,24003731004,1571,0.01,0.06,2014,0.65,0.02,0.31
tract,24003731103,2058,0,0.06,2887,0.72,0.02,0.24
tract,24003731104,1671,0,0.05,3019,0.79,0.01,0.2
tract,24003731105,1162,0.01,0.1,1566,0.76,0.02,0.22
tract,24003731106,1793,0.01,0.09,2577,0.76,0.02,0.2
tract,24003731107,1277,0.02,0.09,1623,0.78,0,0.21
tract,24003731201,2325,0.06,0.04,3213,0.69,0,0.3
tract,24003731205,1664,0.01,0.06,2289,0.87,0,0.13
tract,24003731206,1355,0.01,0.13,1922,0.77,0,0.23
tract,24003731207,1057,0,0.09,1709,0.85,0.01,0.13
tract,24003731208,1469,0,0.09,2109,0.86,0,0.14
tract,24003731209,2137,0.04,0.08,2993,0.8,0.01,0.2
tract,24003731210,859,0.07,0.03,1368,0.76,0,0.21
tract,24003731303,2333,0.05,0.12,2926,0.8,0.02,0.17
tract,24003731306,2046,0,0.08,3362,0.86,0,0.13
tract,24003731307,2261,0.03,0.08,3068,0.88,0,0.12
tract,24003731308,1521,0.05,0.06,1965,0.96,0.01,0.03
tract,24003731309,1899,0.04,0.02,3162,0.87,0,0.13
tract,24003731310,1864,0.02,0.11,2718,0.88,0,0.11
tract,24003731312,1536,0.02,0.07,2923,0.81,0.01,0.18
tract,24003731313,1369,0.05,0.12,2171,0.71,0,0.29
tract,24003740103,3293,0.02,0.08,5042,0.85,0.01,0.13
tract,24003740104,3038,0.02,0.08,4750,0.72,0.08,0.18
tract,24003740105,1575,0.02,0.08,2712,0.78,0,0.19
tract,24003740106,1228,0,0.07,1926,0.84,0.01,0.15
tract,24003740107,1564,0.01,0.02,2287,0.75,0.03,0.22
tract,24003740108,2764,0,0.04,3646,0.69,0.06,0.25
tract,24003740203,2031,0.05,0.06,2754,0.76,0.03,0.19
tract,24003740204,1777,0.01,0.16,2183,0.81,0.07,0.06
tract,24003740205,1237,0.03,0.08,1608,0.88,0.01,0.11
tract,24003740303,1734,0.03,0.05,2803,0.82,0.04,0.14
tract,24003740304,3358,0.03,0.03,4877,0.78,0.05,0.16
tract,24003740305,4436,0.02,0.13,6041,0.81,0.01,0.15
tract,24003740501,2396,0.02,0.01,3468,0.68,0.03,0.27
tract,24003740502,2090,0,0.1,3192,0.74,0.02,0.24
tract,24003740601,2155,0,0.07,3335,0.79,0.02,0.16
tract,24003740602,1064,0,0.06,1625,0.82,0.06,0.11
tract,24003740603,863,0,0.04,2941,0.63,0.3,0.07
tract,24003740701,2906,0.05,0.04,3482,0.75,0.05,0.19
tract,24003740703,1954,0,0.03,3361,0.78,0.01,0.22
tract,24003740704,3416,0,0.03,3998,0.69,0.03,0.28
tract,24003740800,1719,0.02,0.09,2381,0.74,0.04,0.22
tract,24003740900,2725,0.01,0.03,4178,0.78,0.01,0.2
tract,24003741000,858,0.04,0.13,1528,0.77,0.01,0.19
tract,24003750101,1578,0.11,0.12,2036,0.79,0.11,0.09
tract,24003750102,969,0.13,0.12,1407,0.92,0.01,0.07
tract,24003750201,1085,0.05,0.12,1557,0.89,0.01,0.09
tract,24003750204,1906,0.04,0.12,2786,0.93,0,0.06
tract,24003750300,990,0.01,0.05,1441,0.83,0,0.14
tract,24003750400,1516,0.02,0.05,2097,0.79,0.01,0.2
tract,24003750801,2127,0.05,0.12,3056,0.78,0.03,0.19
tract,24003750803,2949,0.06,0.09,3888,0.93,0.03,0.04
tract,24003750804,1553,0.11,0.04,2484,0.9,0.01,0.07
tract,24003750900,1208,0.07,0.05,1820,0.88,0.02,0.11
tract,24003751000,1604,0.08,0.12,2300,0.77,0.03,0.16
tract,24003751102,1838,0.08,0.07,2044,0.79,0.09,0.11
tract,24003751103,2358,0.03,0.12,2821,0.96,0,0.04
tract,24003751200,2376,0.02,0.1,3318,0.77,0.01,0.22
tract,24003751400,1810,0.04,0.06,2318,0.81,0.04,0.15
tract,24003751500,2928,0.05,0.11,4335,0.79,0.03,0.17
tract,24003751600,2690,0.09,0.13,1442,0.72,0,0.28
tract,24003751700,922,0.02,0.07,1445,0.75,0.07,0.18
tract,24005400100,2413,0.14,0.06,1376,0.8,0.09,0.11
tract,24005400200,1090,0.04,0.02,1528,0.81,0.04,0.14
tract,24005400400,2428,0.04,0.05,2682,0.75,0.03,0.22
tract,24005400500,1008,0.05,0.05,1377,0.65,0.02,0.33
tract,24005400600,1290,0.03,0.08,1775,0.58,0.08,0.32
tract,24005400701,1588,0,0.13,1857,0.73,0.01,0.26
tract,24005400702,678,0.01,0.14,992,0.75,0.04,0.19
tract,24005400800,1107,0.05,0.23,1607,0.93,0.01,0.05
tract,24005400900,748,0.01,0.11,921,0.69,0.08,0.23
tract,24005401000,796,0.01,0.08,1036,0.73,0.03,0.23
tract,24005401101,2289,0.06,0.13,3297,0.79,0.06,0.14
tract,24005401102,489,0.04,0.03,579,0.94,0.01,0.04
tract,24005401200,1286,0,0.07,1716,0.81,0.02,0.16
tract,24005401301,1342,0.05,0.13,1651,0.77,0.05,0.17
tract,24005401302,1472,0.07,0.17,1491,0.7,0.1,0.16
tract,24005401400,566,0.04,0.04,935,0.74,0.01,0.25
tract,24005401503,2699,0.02,0.07,3636,0.72,0.06,0.22
tract,24005401504,2268,0.01,0.17,3393,0.81,0.02,0.17
tract,24005401505,1472,0.1,0.11,1948,0.78,0.06,0.16
tract,24005401506,1829,0.01,0.14,2788,0.76,0.04,0.2
tract,24005401507,2431,0.03,0.12,2795,0.81,0.02,0.13
tract,24005402201,1118,0.04,0.17,1785,0.84,0.02,0.13
tract,24005402202,652,0.01,0.12,961,0.74,0.03,0.23
tract,24005402302,1921,0.05,0.13,2591,0.8,0.04,0.14
tract,24005402303,2477,0.1,0.09,3301,0.83,0.05,0.07
tract,24005402304,1226,0.09,0.21,1620,0.89,0.01,0.06
tract,24005402305,1077,0.07,0.2,1291,0.84,0.08,0.06
tract,24005402306,1645,0.08,0.17,2452,0.74,0.04,0.18
tract,24005402307,2498,0.11,0.13,2588,0.82,0.1,0.06
tract,24005402403,851,0.13,0.04,826,0.84,0.07,0.1
tract,24005402404,2393,0.05,0.07,2347,0.87,0.06,0.05
tract,24005402405,1421,0.07,0.13,1796,0.87,0.04,0.06
tract,24005402407,543,0.04,0.2,715,0.61,0.05,0.21
tract,24005402408,1051,0.05,0.06,1226,0.77,0.08,0.14
tract,24005402409,1638,0,0.17,2656,0.75,0.03,0.17
tract,24005402503,2393,0.04,0.14,2701,0.6,0.16,0.16
tract,24005402504,1735,0.03,0.05,2308,0.69,0.04,0.26
tract,24005402505,1353,0.03,0.1,1848,0.77,0.04,0.19
tract,24005402506,1708,0.06,0.08,2448,0.91,0.02,0.06
tract,24005402510,2112,0.05,0.17,2512,0.78,0.06,0.15
tract,24005402511,2359,0.01,0.07,3584,0.67,0.08,0.21
tract,24005402602,735,0.05,0.17,821,0.81,0.04,0.15
tract,24005402603,2574,0.02,0.06,3083,0.83,0.06,0.11
tract,24005402604,2238,0.07,0.15,2977,0.78,0.03,0.17
tract,24005403100,826,0.02,0.09,1068,0.89,0.03,0.08
tract,24005403201,1232,0.05,0.13,1630,0.65,0.15,0.19
tract,24005403202,806,0.05,0.08,983,0.75,0.05,0.2
tract,24005403300,1058,0.05,0.15,1219,0.66,0.09,0.19
tract,24005403401,1879,0.17,0.08,1555,0.72,0.06,0.21
tract,24005403402,2533,0.13,0.21,2278,0.65,0.13,0.22
tract,24005403500,1920,0.12,0.15,2194,0.75,0.03,0.22
tract,24005403601,1799,0.06,0.17,2015,0.69,0,0.3
tract,24005403602,2397,0.01,0.14,3091,0.85,0.01,0.13
tract,24005403702,2200,0.01,0.19,2898,0.69,0.12,0.18
tract,24005403703,1277,0.09,0.07,951,0.69,0.02,0.28
tract,24005403704,1954,0.01,0.06,2253,0.66,0.06,0.28
tract,24005403801,568,0.04,0.05,651,0.71,0.05,0.22
tract,24005403802,969,0.02,0.04,1528,0.64,0.03,0.33
tract,24005403803,1448,0.04,0.12,1569,0.59,0.01,0.39
tract,24005404101,3429,0.01,0.06,4262,0.62,0.05,0.32
tract,24005404102,2208,0.04,0.14,3305,0.67,0.06,0.25
tract,24005404201,2316,0,0.16,2333,0.66,0.11,0.22
tract,24005404202,3034,0.11,0.14,4991,0.78,0.11,0.07
tract,24005404402,2516,0,0.08,3666,0.7,0,0.24
tract,24005404403,1942,0.07,0.18,1940,0.7,0.04,0.27
tract,24005404404,2114,0.06,0.12,2606,0.75,0.04,0.19
tract,24005404501,2643,0.03,0.09,3357,0.57,0.05,0.35
tract,24005404502,1426,0.06,0.1,1665,0.87,0.03,0.09
tract,24005404600,1140,0.05,0.05,1485,0.79,0.01,0.19
tract,24005404800,758,0.07,0.08,1119,0.67,0.01,0.3
tract,24005404900,1843,0.06,0.07,2170,0.65,0.03,0.3
tract,24005405000,1610,0.11,0.17,2264,0.74,0.03,0.23
tract,24005406000,2077,0.05,0.1,2890,0.78,0,0.21
tract,24005407001,1126,0.01,0.15,1495,0.73,0.01,0.25
tract,24005407002,2061,0.06,0.14,3019,0.85,0,0.15
tract,24005408100,2624,0,0.08,3541,0.72,0,0.26
tract,24005408200,712,0.01,0.18,958,0.72,0.09,0.19
tract,24005408302,1204,0.01,0.07,1427,0.67,0.03,0.28
tract,24005408303,1208,0,0.06,1961,0.72,0.01,0.27
tract,24005408304,2200,0.03,0.1,1630,0.84,0.03,0.12
tract,24005408400,726,0.06,0.04,597,0.71,0.07,0.21
tract,24005408502,1963,0.05,0.07,2141,0.66,0.01,0.32
tract,24005408503,1741,0.13,0.07,2374,0.75,0.09,0.12
tract,24005408505,1456,0.03,0.13,1706,0.8,0.02,0.18
tract,24005408506,2343,0,0.2,3224,0.87,0.04,0.05
tract,24005408507,3129,0.02,0.15,3630,0.83,0.03,0.12
tract,24005408601,1571,0.02,0.06,2215,0.72,0.02,0.26
tract,24005408602,798,0.03,0.03,933,0.72,0,0.27
tract,24005408702,898,0.03,0.04,1046,0.66,0.05,0.26
tract,24005408703,2873,0.02,0.14,3873,0.75,0.01,0.22
tract,24005408704,1893,0.02,0.08,2610,0.75,0,0.24
tract,24005408800,969,0.03,0.01,1272,0.72,0.08,0.21
tract,24005408900,1124,0.04,0.05,1517,0.74,0,0.25
tract,24005410100,2320,0.05,0.1,2752,0.73,0.01,0.25
tract,24005410200,1726,0.01,0.07,2410,0.76,0.02,0.21
tract,24005411101,861,0.14,0.09,995,0.82,0,0.15
tract,24005411102,1203,0.09,0.1,1587,0.74,0.01,0.25
tract,24005411201,1074,0.03,0.04,1513,0.77,0,0.23
tract,24005411202,1485,0.02,0.11,2054,0.74,0.02,0.2
tract,24005411302,1528,0.03,0.11,2693,0.74,0.03,0.2
tract,24005411303,2527,0.06,0.13,3105,0.77,0.07,0.13
tract,24005411306,2126,0.02,0.13,3353,0.76,0.01,0.21
tract,24005411307,1577,0.04,0.12,1880,0.8,0,0.18
tract,24005411308,1595,0.07,0.05,2163,0.78,0.02,0.19
tract,24005411309,3108,0.02,0.09,4160,0.79,0.04,0.15
tract,24005411404,1239,0.06,0.14,1868,0.83,0.04,0.13
tract,24005411406,1737,0.09,0.09,2239,0.77,0.04,0.17
tract,24005411408,1473,0.08,0.12,2190,0.81,0.02,0.17
tract,24005411409,1614,0,0.06,2770,0.88,0.01,0.1
tract,24005411410,1792,0.01,0.09,2644,0.78,0.02,0.2
tract,24005411411,1237,0.06,0.23,1411,0.89,0.01,0.09
tract,24005411412,1516,0.03,0.06,1847,0.87,0.04,0.08
tract,24005411413,2030,0.11,0.12,273,0.87,0,0.13
tract,24005420100,1291,0.05,0.12,1477,0.91,0.02,0.07
tract,24005420200,1544,0.1,0.17,1561,0.88,0.02,0.09
tract,24005420301,1067,0.12,0.03,1218,0.89,0.04,0.06
tract,24005420302,948,0.07,0.05,1057,0.91,0.03,0.06
tract,24005420303,489,0.06,0.07,509,0.73,0,0.23
tract,24005420401,2187,0.03,0.08,2952,0.93,0,0.04
tract,24005420402,766,0.04,0.13,1011,0.89,0.08,0.03
tract,24005420500,1415,0.08,0.11,1486,0.7,0.14,0.13
tract,24005420600,1395,0.07,0.17,1892,0.9,0.01,0.1
tract,24005420701,1320,0.14,0.09,1086,0.9,0.02,0.04
tract,24005420702,822,0.11,0.13,1203,0.89,0.09,0.01
tract,24005420800,1229,0.08,0.06,1865,0.67,0.03,0.31
tract,24005420900,1574,0.09,0.12,1453,0.85,0.11,0.05
tract,24005421000,1034,0.28,0.17,591,0.65,0.12,0.1
tract,24005421101,1389,0.12,0.14,1835,0.8,0.08,0.12
tract,24005421102,1084,0.07,0.1,1051,0.88,0.08,0.04
tract,24005421200,781,0.12,0.06,876,0.85,0.04,0.08
tract,24005430101,1866,0.14,0.16,2162,0.83,0.06,0.09
tract,24005430104,1045,0.04,0.12,1548,0.76,0.1,0.14
tract,24005430200,1120,0.17,0.1,1363,0.74,0.02,0.22
tract,24005430300,2012,0.05,0.06,2226,0.83,0.02,0.09
tract,24005430400,1715,0.02,0.18,2425,0.81,0.02,0.16
tract,24005430600,1005,0.04,0.06,1469,0.83,0.02,0.15
tract,24005430700,2094,0,0.07,3196,0.81,0.02,0.17
tract,24005430800,1578,0.02,0.09,2565,0.82,0.06,0.12
tract,24005430900,2032,0.02,0.15,3061,0.72,0.2,0.09
tract,24005440100,1531,0.05,0.12,2480,0.83,0,0.15
tract,24005440200,1133,0.07,0.3,1307,0.78,0.04,0.14
tract,24005440300,958,0.02,0.14,1378,0.76,0.05,0.15
tract,24005440400,2221,0.09,0.04,3009,0.81,0.02,0.16
tract,24005440500,1332,0.07,0.11,1506,0.78,0.01,0.2
tract,24005440600,1032,0.01,0.06,1443,0.79,0,0.19
tract,24005440701,3011,0.03,0.06,4787,0.72,0.15,0.03
tract,24005440702,2078,0.01,0.09,2681,0.89,0,0.11
tract,24005440800,1480,0.08,0.06,1773,0.73,0.02,0.11
tract,24005440900,1418,0.04,0.13,1956,0.82,0.04,0.14
tract,24005441000,1452,0.02,0.2,1796,0.81,0.11,0.07
tract,24005441101,887,0.08,0.14,965,0.86,0,0.12
tract,24005441102,1915,0.09,0.12,2331,0.84,0.07,0.07
tract,24005450100,1361,0.05,0.12,1600,0.81,0.07,0.12
tract,24005450200,1250,0.08,0.07,1352,0.94,0.01,0.02
tract,24005450300,1305,0.18,0.11,1471,0.8,0.07,0.12
tract,24005450400,887,0.04,0.12,1293,0.85,0.02,0.12
tract,24005450501,1714,0.18,0.17,1706,0.83,0.02,0.13
tract,24005450503,2360,0.1,0.15,3206,0.93,0.04,0.03
tract,24005450504,2780,0.08,0.14,3347,0.78,0.16,0.01
tract,24005450800,1649,0.07,0.12,1930,0.76,0.08,0.15
tract,24005450900,1621,0.05,0.07,2136,0.9,0.01,0.07
tract,24005451000,712,0.03,0.16,944,0.84,0,0.16
tract,24005451100,704,0,0.02,1333,0.84,0.03,0.13
tract,24005451200,1607,0.09,0.12,1879,0.87,0.01,0.11
tract,24005451300,1373,0.05,0.15,1541,0.74,0.08,0.13
tract,24005451401,1433,0.07,0.14,2268,0.9,0.02,0.07
tract,24005451402,1918,0.01,0.11,2392,0.78,0.09,0.11
tract,24005451500,1359,0.08,0.16,1798,0.64,0.01,0.3
tract,24005451600,890,0.05,0.16,1008,0.76,0.06,0.17
tract,24005451701,2784,0.01,0.13,3912,0.84,0.01,0.15
tract,24005451702,678,0.06,0.12,963,0.82,0.09,0.08
tract,24005451801,1887,0.03,0.17,2509,0.91,0.03,0.05
tract,24005451802,1912,0.06,0.13,1859,0.81,0.01,0.15
tract,24005451803,1721,0.02,0.14,2583,0.91,0.03,0.05
tract,24005451900,1140,0.05,0.07,1358,0.87,0.01,0.09
tract,24005452000,1029,0.05,0.05,1065,0.78,0.01,0.19
tract,24005452100,1289,0.05,0.2,1585,0.85,0,0.15
tract,24005452300,1179,0.03,0.18,1330,0.73,0.02,0.25
tract,24005452400,1241,0.11,0.14,1435,0.8,0,0.15
tract,24005452500,1273,0.09,0.26,1581,0.78,0.07,0.12
tract,24005490100,1476,0.01,0.08,1992,0.76,0.03,0.21
tract,24005490200,1078,0.02,0.05,1532,0.82,0.02,0.16
tract,24005490302,1247,0.01,0.07,1693,0.61,0.12,0.26
tract,24005490303,1204,0.04,0.08,1019,0.75,0.03,0.19
tract,24005490304,2470,0.02,0.14,2746,0.69,0.08,0.22
tract,24005490400,661,0.03,0.1,826,0.64,0.04,0.31
tract,24005490500,1472,0,0.05,1643,0.68,0.01,0.3
tract,24005490601,846,0.01,0.09,1205,0.78,0.09,0.13
tract,24005490602,1329,0.01,0.08,1784,0.73,0.05,0.22
tract,24005490603,941,0.02,0.03,1252,0.7,0.03,0.26
tract,24005490605,242,0.12,0.04,2211,0.46,0.36,0.14
tract,24005490701,594,0.04,0.1,483,0.78,0.01,0.17
tract,24005490703,1710,0.01,0.08,1924,0.56,0.04,0.38
tract,24005490800,1214,0.05,0.06,1373,0.8,0.03,0.17
tract,24005490900,3031,0.1,0.11,2319,0.76,0.03,0.21
tract,24005491000,776,0,0,1191,0.66,0.03,0.31
tract,24005491100,1275,0.02,0.04,1805,0.63,0.03,0.33
tract,24005491201,936,0.02,0.11,1316,0.7,0.04,0.24
tract,24005491202,775,0.05,0.09,1030,0.65,0.15,0.16
tract,24005491300,1525,0.02,0.1,1891,0.83,0.05,0.12
tract,24005491401,2152,0.03,0.13,2568,0.7,0.11,0.18
tract,24005491402,1080,0.06,0.21,1605,0.87,0.01,0.11
tract,24005491500,1775,0.06,0.2,2112,0.86,0.02,0.12
tract,24005491600,1212,0.14,0.09,1436,0.78,0.02,0.15
tract,24005491701,1816,0.01,0.08,2455,0.77,0.01,0.21
tract,24005491900,759,0.08,0.17,906,0.87,0,0.13
tract,24005492001,573,0.07,0.07,627,0.84,0,0.12
tract,24005492002,1570,0.01,0.14,2056,0.86,0.01,0.11
tract,24005492101,1703,0.03,0.19,1936,0.83,0.01,0.14
tract,24005492102,885,0.03,0.02,1285,0.87,0.04,0.08
tract,24005492200,1979,0.06,0.09,2461,0.89,0,0.1
tract,24005492300,1572,0.04,0.13,1713,0.89,0.01,0.08
tract,24005492401,1413,0.03,0.16,2370,0.78,0.06,0.13
tract,24005492402,3225,0.02,0.09,3917,0.69,0.03,0.28
tract,24005492500,12,0,0,1625,0.52,0.26,0.16
tract,24005492600,1416,0.06,0.1,1562,0.83,0.01,0.12
tract,24005492700,1235,0.07,0.11,1036,0.76,0.24,0
tract,24009860103,2025,0.01,0.09,3027,0.74,0.05,0.21
tract,24009860200,2008,0.02,0.01,2819,0.74,0.02,0.23
tract,24009860300,1504,0.09,0.09,2351,0.85,0,0.14
tract,24009860402,1457,0.03,0.07,2365,0.73,0.02,0.24
tract,24009860403,1492,0.08,0.17,1922,0.82,0.02,0.15
tract,24009860404,2603,0.11,0.08,3293,0.83,0.02,0.15
tract,24009860501,2209,0.02,0.08,3675,0.77,0.02,0.21
tract,24009860502,1130,0.07,0.05,1510,0.79,0.01,0.19
tract,24009860600,2141,0.04,0.06,3192,0.77,0.03,0.2
tract,24009860701,1329,0.05,0.12,1992,0.86,0.02,0.12
tract,24009860702,1188,0.11,0.11,1650,0.8,0.06,0.11
tract,24009860703,1618,0.04,0.15,2068,0.81,0,0.17
tract,24009860801,2427,0.1,0.05,3839,0.84,0.01,0.15
tract,24009860901,2262,0.03,0.04,3013,0.79,0.01,0.19
tract,24009860902,968,0.03,0.03,1538,0.83,0.01,0.16
tract,24009861003,2412,0.02,0.06,3484,0.82,0,0.18
tract,24009861004,2504,0.02,0.1,3573,0.7,0.05,0.22
tract,24009861100,2188,0.03,0.04,3075,0.73,0.03,0.24
tract,24011955000,993,0.07,0.29,1279,0.88,0,0.12
tract,24011955100,2190,0.1,0.18,2631,0.9,0.01,0.06
tract,24011955201,1410,0.08,0.22,1972,0.87,0.02,0.09
tract,24011955202,818,0.11,0.15,1106,0.9,0.01,0.09
tract,24011955301,1491,0.06,0.18,2197,0.91,0,0.07
tract,24011955302,1410,0.09,0.18,1349,0.86,0.03,0.07
tract,24011955400,802,0.14,0.18,1152,0.88,0.01,0.06
tract,24011955500,1489,0.06,0.27,2067,0.9,0.01,0.06
tract,24011955600,1892,0.16,0.26,1950,0.9,0.04,0.03
tract,24013501001,1945,0.06,0.11,2594,0.8,0.03,0.16
tract,24013501002,2109,0.13,0.14,2076,0.87,0,0.1
tract,24013502000,1618,0.12,0.09,2027,0.84,0.01,0.15
tract,24013503000,2030,0.07,0.23,2924,0.91,0,0.09
tract,24013504100,1889,0.05,0.1,2835,0.83,0.01,0.15
tract,24013504201,2167,0.07,0.05,2841,0.68,0.02,0.28
tract,24013504202,2273,0.01,0.12,3869,0.8,0.01,0.17
tract,24013505101,1358,0.02,0.04,2027,0.76,0.01,0.2
tract,24013505102,1947,0.02,0.06,3118,0.76,0,0.23
tract,24013505203,1292,0.03,0.02,2191,0.78,0.04,0.18
tract,24013505205,1234,0,0.1,1809,0.8,0.01,0.19
tract,24013505206,1197,0.01,0.07,1541,0.7,0.01,0.28
tract,24013505207,1295,0.01,0.09,1998,0.8,0,0.19
tract,24013505208,1747,0.05,0.09,2483,0.87,0.01,0.12
tract,24013506101,1746,0.03,0.12,2734,0.87,0,0.13
tract,24013506102,1630,0.09,0.11,2270,0.75,0,0.23
tract,24013506200,2129,0.03,0.13,2918,0.89,0,0.11
tract,24013507500,1390,0.03,0.15,2652,0.73,0.1,0.15
tract,24013507601,1873,0.07,0.18,2704,0.83,0.02,0.14
tract,24013507602,1941,0.12,0.08,2152,0.81,0.02,0.17
tract,24013507702,1698,0.05,0.07,2252,0.82,0.04,0.14
tract,24013507703,1553,0.09,0.05,1550,0.73,0,0.26
tract,24013507704,2311,0,0.14,3260,0.88,0.01,0.11
tract,24013507801,2583,0.08,0.07,3197,0.79,0.04,0.18
tract,24013507802,1928,0.13,0.06,2514,0.83,0.01,0.16
tract,24013508103,3073,0.07,0.1,4207,0.85,0.01,0.14
tract,24013508200,2558,0.05,0.18,3694,0.82,0,0.18
tract,24013509001,1730,0.02,0.11,2569,0.82,0,0.17
tract,24013509002,955,0.02,0.06,1341,0.74,0,0.26
tract,24013510000,481,0.1,0.24,708,0.82,0.03,0.13
tract,24013511000,1609,0.09,0.08,2068,0.82,0.01,0.15
tract,24013512000,711,0.16,0.12,1037,0.82,0.02,0.15
tract,24013513001,1961,0.07,0.08,2690,0.8,0.02,0.17
tract,24013513002,1950,0.02,0.07,3608,0.82,0,0.17
tract,24013514100,1252,0.02,0.05,1956,0.74,0.02,0.24
tract,24013514201,1892,0.06,0.09,2705,0.72,0.03,0.24
tract,24013514202,1230,0.07,0.07,1945,0.75,0.02,0.23
tract,24015030100,2165,0.16,0.16,2460,0.85,0.03,0.11
tract,24015030200,2084,0.1,0.1,2155,0.8,0.09,0.11
tract,24015030400,1979,0.11,0.19,1462,0.88,0.06,0.05
tract,24015030501,1471,0.05,0.07,2090,0.83,0.01,0.15
tract,24015030503,2233,0.1,0.12,2389,0.84,0,0.13
tract,24015030505,1434,0.11,0.07,1824,0.89,0.01,0.1
tract,24015030507,1563,0.01,0.09,1873,0.87,0.02,0.1
tract,24015030508,1708,0.04,0.09,2284,0.85,0.02,0.12
tract,24015030601,1538,0.04,0.1,1884,0.81,0.06,0.12
tract,24015030602,2071,0.01,0.07,2467,0.85,0,0.14
tract,24015030700,1852,0.03,0.05,2464,0.79,0.01,0.16
tract,24015030903,2568,0.07,0.05,3260,0.74,0.06,0.14
tract,24015030904,2924,0.06,0.15,4065,0.82,0.03,0.14
tract,24015030905,990,0.03,0.13,1276,0.88,0.01,0.11
tract,24015030907,2008,0.05,0.1,2064,0.81,0.01,0.18
tract,24015030908,2242,0.02,0.13,3491,0.86,0.01,0.12
tract,24015031201,2257,0.04,0.1,2686,0.79,0.05,0.15
tract,24015031202,2214,0.02,0.1,2580,0.89,0.01,0.08
tract,24015031301,1163,0.06,0.06,1338,0.8,0.01,0.19
tract,24015031302,2492,0.07,0.07,3253,0.93,0.02,0.06
tract,24015031400,1639,0.05,0.11,1666,0.85,0,0.14
tract,24017850101,2645,0.02,0.05,3981,0.75,0.05,0.19
tract,24017850102,839,0.05,0.12,1104,0.78,0.06,0.17
tract,24017850201,383,0.04,0.14,820,0.63,0.23,0.14
tract,24017850202,2194,0.13,0.11,2575,0.83,0.03,0.13
tract,24017850300,783,0.1,0.05,787,0.86,0.01,0.12
tract,24017850400,1238,0.22,0.24,1423,0.91,0,0.06
tract,24017850500,972,0.12,0.13,1285,0.87,0,0.12
tract,24017850600,1589,0.04,0.06,2298,0.76,0,0.23
tract,24017850706,1967,0.01,0.08,3291,0.68,0.05,0.22
tract,24017850708,1946,0.01,0.05,3097,0.74,0.05,0.2
tract,24017850709,2905,0.01,0.09,4064,0.84,0,0.15
tract,24017850710,2091,0.05,0.06,3343,0.78,0.02,0.18
tract,24017850711,1900,0.05,0.09,2474,0.76,0.05,0.19
tract,24017850712,1993,0.04,0.04,3446,0.82,0,0.17
tract,24017850713,3002,0.01,0.13,5236,0.81,0.02,0.15
tract,24017850801,1545,0.03,0.05,2021,0.84,0,0.14
tract,24017850802,2382,0.03,0.16,2983,0.85,0.05,0.09
tract,24017850901,2395,0.11,0.16,2974,0.84,0.06,0.1
tract,24017850902,1578,0.03,0.11,2411,0.79,0.03,0.15
tract,24017850904,5132,0,0.03,8453,0.74,0.05,0.19
tract,24017850905,1451,0.01,0.13,2247,0.75,0.01,0.2
tract,24017850906,2050,0.08,0.06,2686,0.94,0.01,0.04
tract,24017851001,1384,0.01,0.08,1892,0.83,0.04,0.12
tract,24017851003,1526,0.02,0.08,2284,0.83,0.03,0.12
tract,24017851004,2326,0.06,0.14,2974,0.72,0.03,0.23
tract,24017851100,922,0.09,0.08,1412,0.83,0.05,0.1
tract,24017851200,1828,0.08,0.13,2136,0.8,0.04,0.13
tract,24017851301,1572,0.11,0.14,2254,0.82,0.03,0.13
tract,24017851302,1383,0.05,0.07,2390,0.66,0.03,0.31
tract,24017851401,1032,0.03,0.04,1542,0.83,0.02,0.12
tract,24017851402,1288,0.03,0.06,1680,0.75,0.04,0.19
tract,24017851403,698,0.07,0.17,1027,0.84,0,0.13
tract,24017851501,1730,0.07,0.05,2372,0.7,0.03,0.26
tract,24017851502,2206,0.03,0.1,3051,0.75,0.04,0.18
tract,24019970100,1209,0.09,0.23,1243,0.88,0.07,0.05
tract,24019970200,2126,0.14,0.2,2632,0.94,0.01,0.05
tract,24019970300,1757,0.12,0.18,1980,0.89,0,0.11
tract,24019970400,1540,0.07,0.09,1537,0.8,0.03,0.14
tract,24019970500,1729,0.21,0.16,1069,0.81,0.08,0.06
tract,24019970600,2157,0.05,0.17,2667,0.93,0.02,0.05
tract,24019970702,1771,0.07,0.23,1982,0.92,0,0.07
tract,24019970804,756,0.09,0.17,862,0.85,0,0.11
tract,24019970900,501,0.18,0.19,590,0.85,0.06,0.07
tract,24021740200,1822,0.11,0.06,2539,0.76,0.03,0.21
tract,24021750100,954,0.04,0.13,1258,0.74,0.12,0.14
tract,24021750200,1238,0.06,0.09,1443,0.53,0.14,0.32
tract,24021750300,829,0.07,0.08,719,0.69,0.09,0.21
tract,24021750504,2282,0.09,0.1,3392,0.79,0.02,0.19
tract,24021750505,2675,0.04,0.1,3676,0.87,0.03,0.07
tract,24021750506,1429,0.02,0.07,2430,0.82,0.02,0.16
tract,24021750507,1677,0.13,0.14,2461,0.82,0.09,0.05
tract,24021750508,1966,0.03,0.14,2669,0.84,0.06,0.1
tract,24021750600,1068,0.07,0.1,1435,0.63,0.13,0.25
tract,24021750701,1894,0.04,0.05,3479,0.87,0,0.12
tract,24021750702,1940,0.1,0.12,2170,0.82,0.07,0.1
tract,24021750801,1810,0.08,0.09,1950,0.67,0.16,0.17
tract,24021750802,3109,0.03,0.09,3330,0.68,0.01,0.31
tract,24021750804,1274,0.04,0.01,1808,0.79,0.02,0.15
tract,24021750805,1806,0.01,0.04,2701,0.78,0,0.19
tract,24021751001,854,0.01,0.07,1018,0.72,0.01,0.24
tract,24021751002,2425,0.18,0.06,2928,0.8,0.05,0.15
tract,24021751003,2116,0.05,0.08,2747,0.74,0.02,0.24
tract,24021751004,2211,0.02,0.07,3046,0.81,0.01,0.19
tract,24021751201,2210,0,0.05,3381,0.68,0.08,0.24
tract,24021751202,2845,0.04,0.06,3491,0.69,0.06,0.25
tract,24021751203,886,0.09,0.09,1049,0.63,0.03,0.33
tract,24021751301,2052,0.03,0.07,2302,0.68,0.01,0.28
tract,24021751302,1281,0.09,0.1,1954,0.8,0.02,0.15
tract,24021751600,1096,0.09,0.13,1585,0.9,0.01,0.09
tract,24021751701,893,0.08,0.09,1204,0.83,0,0.17
tract,24021751702,1423,0.05,0.1,1989,0.84,0.01,0.15
tract,24021751801,1762,0.02,0.07,2980,0.71,0.04,0.24
tract,24021751802,1348,0.07,0.12,2014,0.81,0,0.19
tract,24021751902,2163,0.06,0.03,3560,0.75,0,0.25
tract,24021751903,2353,0.02,0.05,3938,0.82,0.01,0.18
tract,24021751904,1610,0.02,0.07,2833,0.7,0.01,0.29
tract,24021751905,1606,0.01,0.09,2632,0.72,0,0.26
tract,24021751906,837,0,0.04,1240,0.71,0.01,0.28
tract,24021752001,1715,0.04,0.04,2979,0.74,0.02,0.23
tract,24021752101,1181,0.04,0.04,1841,0.62,0.04,0.31
tract,24021752102,2467,0.01,0.06,4486,0.71,0,0.29
tract,24021752201,878,0.05,0.11,1161,0.69,0.02,0.29
tract,24021752202,1214,0.04,0.09,1880,0.63,0.02,0.35
tract,24021752205,1016,0.02,0.03,1792,0.61,0.03,0.31
tract,24021752206,2405,0.01,0.1,3682,0.71,0.02,0.27
tract,24021752301,2628,0.01,0.03,4612,0.72,0.03,0.22
tract,24021752302,1467,0.06,0.08,2410,0.72,0.02,0.26
tract,24021752303,1288,0.02,0.07,1873,0.71,0.03,0.25
tract,24021752501,1902,0.04,0.07,3029,0.73,0.01,0.25
tract,24021752502,995,0.05,0.06,1265,0.72,0.01,0.26
tract,24021752601,1563,0.03,0.07,2165,0.7,0,0.29
tract,24021752602,951,0.07,0.09,1196,0.75,0.01,0.19
tract,24021752603,1431,0.01,0.03,2060,0.68,0.01,0.31
tract,24021752801,780,0.06,0.13,1159,0.73,0.04,0.22
tract,24021752802,1313,0.03,0.07,2141,0.72,0.01,0.26
tract,24021752900,1222,0.07,0.2,1820,0.88,0.02,0.09
tract,24021753001,1956,0.12,0.16,2593,0.85,0.02,0.12
tract,24021753002,935,0.11,0.12,1286,0.74,0.02,0.22
tract,24021765100,2031,0.13,0.06,2907,0.73,0.07,0.21
tract,24021766800,1417,0.12,0.11,2436,0.69,0.13,0.18
tract,24021767500,1107,0.28,0.12,1202,0.74,0,0.26
tract,24021767600,1199,0.05,0.19,1927,0.71,0.04,0.22
tract,24021770700,1385,0.06,0.14,1981,0.83,0,0.16
tract,24021772200,930,0.12,0.05,1005,0.54,0.13,0.24
tract,24021773500,1615,0.04,0.14,2637,0.9,0.01,0.09
tract,24021775302,2255,0.11,0.06,3269,0.68,0.06,0.26
tract,24021775400,1654,0.06,0.16,2126,0.81,0.04,0.14
tract,24021775600,1991,0.01,0.09,3358,0.74,0.01,0.24
tract,24023000100,1808,0.15,0.21,1793,0.86,0.01,0.12
tract,24023000200,1627,0.15,0.19,1849,0.87,0.03,0.06
tract,24023000300,1019,0.16,0.13,1184,0.83,0.06,0.11
tract,24023000400,1183,0.16,0.26,1056,0.87,0.04,0.08
tract,24023000501,763,0.07,0.17,674,0.84,0,0.16
tract,24023000502,1228,0.13,0.09,1335,0.62,0.02,0.36
tract,24023000601,1909,0.11,0.14,1867,0.83,0.07,0.1
tract,24023000602,649,0.12,0.19,973,0.85,0.03,0.11
tract,24023000700,2392,0.18,0.24,2401,0.88,0.03,0.08
tract,24025301102,1520,0.03,0.03,1668,0.71,0,0.26
tract,24025301105,1391,0,0.06,1906,0.81,0,0.18
tract,24025301106,1508,0.02,0.08,2379,0.81,0,0.16
tract,24025301107,1831,0.05,0.07,2114,0.85,0,0.15
tract,24025301108,1415,0,0.06,2100,0.71,0,0.19
tract,24025301201,745,0.13,0.09,804,0.85,0,0.13
tract,24025301202,3054,0.01,0.13,4155,0.73,0,0.27
tract,24025301204,1578,0,0.07,2587,0.79,0.05,0.14
tract,24025301205,1907,0.03,0.1,2473,0.88,0.01,0.1
tract,24025301301,2027,0.08,0.22,2582,0.86,0.03,0.11
tract,24025301302,3109,0.03,0.13,3796,0.86,0.03,0.06
tract,24025301401,3165,0.12,0.09,4167,0.9,0.02,0.08
tract,24025301402,1149,0.06,0.08,1678,0.76,0,0.24
tract,24025301601,2444,0.09,0.06,3408,0.84,0.02,0.13
tract,24025301602,2951,0.03,0.07,4014,0.89,0.02,0.09
tract,24025301703,1985,0.02,0.05,3216,0.9,0.01,0.07
tract,24025301704,1399,0.01,0.06,1898,0.91,0.02,0.06
tract,24025301705,1035,0.04,0.09,1722,0.79,0.04,0.15
tract,24025301706,1209,0.01,0.06,1596,0.81,0,0.17
tract,24025301707,1705,0.04,0.18,2381,0.93,0,0.06
tract,24025302100,776,0.04,0.08,949,0.78,0.01,0.2
tract,24025302200,1484,0.02,0.1,2029,0.83,0.01,0.15
tract,24025302400,1909,0.02,0.15,2470,0.82,0.01,0.16
tract,24025302801,1569,0.09,0.1,1784,0.84,0.04,0.1
tract,24025302802,2046,0.05,0.17,2304,0.88,0.01,0.09
tract,24025302901,1139,0.11,0.09,1047,0.81,0.13,0.03
tract,24025302902,2274,0.07,0.13,2624,0.9,0.03,0.05
tract,24025303101,2165,0.03,0.12,3536,0.82,0.01,0.17
tract,24025303102,864,0.05,0.09,1437,0.81,0.01,0.15
tract,24025303201,1943,0.07,0.1,2981,0.87,0.01,0.12
tract,24025303203,1253,0.03,0.16,1477,0.89,0,0.11
tract,24025303204,1833,0.04,0.09,2103,0.84,0,0.15
tract,24025303205,608,0,0.07,961,0.85,0,0.15
tract,24025303206,1244,0.03,0.08,1658,0.88,0,0.12
tract,24025303300,2442,0.02,0.07,3326,0.8,0.01,0.18
tract,24025303400,1812,0.02,0.09,2170,0.77,0.02,0.2
tract,24025303501,2910,0.06,0.08,3502,0.69,0.01,0.29
tract,24025303502,1250,0.02,0.11,1784,0.77,0.02,0.21
tract,24025303602,1383,0.01,0.12,1770,0.83,0,0.16
tract,24025303603,2229,0,0.11,4025,0.74,0.02,0.19
tract,24025303605,2753,0.06,0.1,2996,0.77,0.04,0.14
tract,24025303606,1070,0.01,0.05,2068,0.74,0.03,0.23
tract,24025303700,1663,0.02,0.1,2016,0.82,0.01,0.17
tract,24025303801,1547,0.04,0.19,1530,0.84,0.05,0.12
tract,24025303802,805,0.04,0.1,831,0.83,0,0.16
tract,24025303803,2322,0.07,0.12,2933,0.89,0.03,0.07
tract,24025303900,1000,0.03,0.11,1396,0.84,0.02,0.11
tract,24025304101,1720,0.04,0.2,2153,0.82,0.01,0.17
tract,24025304102,1374,0.14,0.21,2046,0.8,0.01,0.19
tract,24025304201,2436,0.01,0.07,3678,0.84,0,0.15
tract,24025304202,2212,0.01,0.05,2888,0.79,0.01,0.19
tract,24025305100,2753,0.09,0.12,4143,0.86,0.02,0.11
tract,24025305200,1020,0.14,0.13,1200,0.93,0.01,0.06
tract,24025305300,818,0.1,0.22,796,0.84,0,0.16
tract,24025306100,2100,0.04,0.16,2071,0.86,0.06,0.07
tract,24025306200,1014,0.16,0.12,1215,0.58,0.13,0.29
tract,24025306300,1212,0.02,0.05,1707,0.77,0.01,0.19
tract,24025306400,2826,0.02,0.06,3800,0.72,0.01,0.25
tract,24025306500,890,0.03,0.15,1528,0.68,0.13,0.19
tract,24027601103,2081,0,0.02,3206,0.66,0.04,0.29
tract,24027601104,2169,0,0.03,3706,0.65,0.04,0.3
tract,24027601105,2312,0.01,0.06,3254,0.61,0.03,0.34
tract,24027601107,1905,0.03,0.09,2951,0.79,0.02,0.17
tract,24027601108,1561,0.01,0.09,2442,0.72,0,0.26
tract,24027601203,3362,0,0.02,5050,0.68,0.04,0.28
tract,24027601204,2840,0.01,0.07,4368,0.69,0.04,0.25
tract,24027601205,1883,0.06,0.05,2516,0.81,0,0.17
tract,24027601206,1254,0.03,0.09,2294,0.86,0.01,0.13
tract,24027602100,2889,0,0.03,4164,0.68,0.01,0.3
tract,24027602201,1290,0,0.06,1932,0.72,0.02,0.25
tract,24027602202,1924,0.01,0.08,2779,0.75,0.01,0.24
tract,24027602302,2261,0.01,0.05,3328,0.79,0.02,0.19
tract,24027602303,1535,0,0.05,2194,0.67,0.04,0.27
tract,24027602304,1617,0,0.06,2513,0.66,0.03,0.3
tract,24027602305,1413,0,0.01,1785,0.71,0.02,0.26
tract,24027602306,2348,0.05,0.03,3213,0.7,0.03,0.26
tract,24027602600,3006,0.05,0.12,3790,0.71,0,0.25
tract,24027602700,1973,0.02,0.04,2733,0.69,0.01,0.29
tract,24027602800,2174,0.01,0.08,3424,0.66,0.01,0.31
tract,24027602900,2255,0.03,0.07,2232,0.66,0,0.31
tract,24027603001,2376,0.01,0.05,2852,0.75,0.01,0.24
tract,24027603003,1542,0.01,0,2413,0.65,0,0.35
tract,24027603004,2816,0.07,0.1,3862,0.7,0.01,0.28
tract,24027604001,2159,0.03,0.04,3289,0.67,0.03,0.3
tract,24027604003,1352,0.02,0.02,2084,0.69,0.01,0.3
tract,24027604004,1459,0.07,0.03,2440,0.72,0,0.28
tract,24027605103,1888,0.02,0.01,2904,0.64,0.01,0.34
tract,24027605104,1834,0.01,0.04,2985,0.65,0.02,0.32
tract,24027605105,2790,0,0.07,4279,0.58,0.05,0.36
tract,24027605106,1470,0,0.04,2741,0.73,0.05,0.21
tract,24027605401,2221,0,0.02,2614,0.66,0.02,0.3
tract,24027605403,1767,0.02,0.09,2268,0.71,0.07,0.23
tract,24027605404,2513,0.01,0.07,2989,0.67,0.03,0.26
tract,24027605502,1869,0,0.07,2514,0.6,0.06,0.32
tract,24027605503,1953,0.04,0.06,2316,0.73,0.03,0.25
tract,24027605504,783,0,0.02,1502,0.72,0.01,0.27
tract,24027605505,2040,0.02,0.04,3849,0.62,0.01,0.36
tract,24027605601,3156,0.03,0.04,4094,0.75,0.01,0.22
tract,24027605602,3139,0.03,0.05,4044,0.7,0.06,0.24
tract,24027606601,1278,0.01,0.05,1457,0.77,0.01,0.2
tract,24027606603,3122,0,0.01,3982,0.68,0.01,0.29
tract,24027606604,1615,0,0.06,2345,0.75,0.05,0.2
tract,24027606606,2148,0.11,0.07,3215,0.77,0.03,0.21
tract,24027606607,1612,0.01,0.04,2478,0.71,0.05,0.24
tract,24027606701,897,0.01,0.03,1163,0.66,0.02,0.31
tract,24027606704,2620,0.08,0.09,3565,0.62,0.06,0.31
tract,24027606706,2078,0.01,0.04,2632,0.76,0.02,0.21
tract,24027606708,2522,0.03,0.05,3528,0.75,0.08,0.16
tract,24027606803,2414,0.01,0.07,3336,0.8,0.02,0.16
tract,24027606804,1222,0,0.04,1784,0.74,0.03,0.22
tract,24027606805,1805,0.01,0.03,2743,0.61,0.04,0.34
tract,24027606807,734,0.01,0.04,1103,0.57,0.01,0.41
tract,24027606808,1951,0.02,0.05,3311,0.73,0.01,0.26
tract,24027606901,2467,0.04,0.07,3779,0.74,0.02,0.21
tract,24027606904,1464,0.03,0.05,2467,0.77,0.01,0.21
tract,24027606905,3206,0,0.09,4863,0.72,0.01,0.24
tract,24027606906,2184,0.02,0.05,3696,0.75,0,0.22
tract,24027606907,2547,0.02,0.02,4073,0.79,0.03,0.13
tract,24029950100,1501,0.11,0.13,1750,0.87,0.03,0.09
tract,24029950200,1866,0.16,0.15,2208,0.78,0.1,0.11
tract,24029950300,2310,0.09,0.04,2648,0.63,0.22,0.13
tract,24029950400,1526,0.09,0.08,1539,0.81,0.01,0.17
tract,24029950500,1290,0.12,0.1,1305,0.81,0.1,0.08
tract,24031700101,1579,0.03,0.04,2190,0.63,0.03,0.33
tract,24031700103,1868,0.04,0.11,3087,0.66,0.04,0.3
tract,24031700104,1677,0.02,0.08,2274,0.59,0.06,0.33
tract,24031700105,2084,0,0.11,3013,0.65,0.07,0.24
tract,24031700204,907,0.1,0.03,1182,0.65,0.02,0.34
tract,24031700206,1917,0.05,0.06,3164,0.68,0.05,0.25
tract,24031700207,1861,0.01,0.12,3106,0.75,0.01,0.25
tract,24031700208,901,0.05,0.06,1301,0.75,0.02,0.23
tract,24031700209,1620,0,0.02,2677,0.66,0.01,0.33
tract,24031700210,2774,0,0.04,4367,0.65,0.02,0.32
tract,24031700306,2375,0,0.1,3993,0.71,0.02,0.25
tract,24031700308,2555,0.02,0.15,3966,0.66,0.08,0.24
tract,24031700309,2573,0.05,0.05,3293,0.71,0.06,0.19
tract,24031700310,2743,0.02,0.07,3929,0.72,0.06,0.21
tract,24031700313,1513,0,0.14,2371,0.63,0.08,0.28
tract,24031700314,1122,0.02,0.12,2001,0.51,0.06,0.41
tract,24031700315,1722,0,0.07,3256,0.65,0.02,0.3
tract,24031700316,1321,0.07,0.04,2009,0.69,0.02,0.25
tract,24031700317,2603,0.04,0.08,4072,0.7,0.02,0.27
tract,24031700318,1155,0,0,1687,0.68,0.01,0.31
tract,24031700400,836,0.01,0.09,1346,0.56,0.08,0.36
tract,24031700500,2695,0.01,0.12,3994,0.62,0.04,0.34
tract,24031700604,2335,0.02,0.03,3725,0.61,0.02,0.34
tract,24031700606,1312,0.01,0.04,1998,0.62,0.03,0.33
tract,24031700608,1840,0.02,0.01,2647,0.62,0.03,0.35
tract,24031700610,758,0,0.06,1085,0.66,0.03,0.3
tract,24031700611,1723,0.02,0.1,3247,0.56,0.05,0.36
tract,24031700613,2055,0.01,0.05,3511,0.6,0.07,0.31
tract,24031700614,2239,0.03,0.09,3101,0.7,0.04,0.22
tract,24031700615,1001,0.01,0.06,1448,0.65,0.01,0.34
tract,24031700616,1764,0.05,0.04,2597,0.51,0.03,0.46
tract,24031700617,700,0.04,0.06,919,0.65,0.04,0.27
tract,24031700618,1685,0.01,0.03,2741,0.5,0.04,0.45
tract,24031700706,1547,0.03,0.1,2456,0.68,0.09,0.22
tract,24031700710,2015,0.02,0.04,3088,0.7,0.04,0.26
tract,24031700711,2589,0.01,0.04,4005,0.58,0.17,0.22
tract,24031700713,1882,0.05,0.09,2466,0.77,0.09,0.11
tract,24031700715,1803,0,0.14,3062,0.9,0.01,0.08
tract,24031700718,3067,0.02,0.06,2683,0.54,0.06,0.4
tract,24031700720,996,0.02,0.09,1708,0.63,0.05,0.31
tract,24031700721,1525,0.05,0.14,1757,0.67,0.18,0.14
tract,24031700723,1900,0.02,0.07,1692,0.67,0.13,0.2
tract,24031700724,1126,0.06,0.2,1718,0.81,0.07,0.08
tract,24031700725,1793,0.05,0.13,2704,0.61,0.15,0.23
tract,24031700726,1400,0.04,0.04,2041,0.74,0.06,0.17
tract,24031700727,566,0.08,0.11,982,0.67,0.14,0.1
tract,24031700728,895,0,0.12,1102,0.53,0.16,0.29
tract,24031700729,897,0,0.07,1259,0.68,0.09,0.2
tract,24031700730,1765,0.03,0.08,2306,0.74,0.09,0.15
tract,24031700731,1488,0.02,0.03,2274,0.63,0.11,0.17
tract,24031700732,898,0.02,0.04,2131,0.71,0.14,0.07
tract,24031700733,2110,0,0.05,3014,0.73,0.07,0.19
tract,24031700810,1937,0,0.1,3659,0.65,0.09,0.25
tract,24031700811,1690,0,0.11,2631,0.71,0.08,0.2
tract,24031700812,1661,0.05,0.11,2054,0.79,0.04,0.16
tract,24031700813,2087,0.17,0.07,2906,0.76,0.11,0.13
tract,24031700815,2561,0.01,0.1,4256,0.74,0.05,0.2
tract,24031700818,2472,0.01,0.05,3080,0.73,0.12,0.12
tract,24031700819,2311,0.01,0.08,3771,0.75,0.03,0.14
tract,24031700820,1118,0,0.03,1847,0.67,0.12,0.19
tract,24031700822,655,0.09,0.18,836,0.67,0.14,0.18
tract,24031700823,1028,0,0.07,1663,0.57,0.07,0.36
tract,24031700824,949,0,0.01,1407,0.52,0.05,0.42
tract,24031700826,2611,0.01,0.06,3681,0.59,0.07,0.33
tract,24031700828,746,0,0.08,1234,0.49,0.06,0.44
tract,24031700829,1208,0,0.04,1792,0.51,0.07,0.41
tract,24031700830,950,0.04,0.11,1273,0.7,0.08,0.21
tract,24031700832,900,0.04,0.07,1494,0.82,0.07,0.09
tract,24031700833,1360,0.12,0.01,1940,0.74,0.04,0.21
tract,24031700834,1740,0,0.09,3180,0.75,0.05,0.18
tract,24031700835,1393,0.03,0.03,2511,0.65,0.11,0.24
tract,24031700836,601,0,0.03,883,0.66,0.03,0.31
tract,24031700837,2493,0,0.07,3635,0.6,0.07,0.31
tract,24031700838,2340,0,0.1,3227,0.62,0.11,0.23
tract,24031700839,2761,0.01,0.06,3797,0.61,0.09,0.26
tract,24031700901,2970,0.06,0.06,2899,0.48,0.21,0.3
tract,24031700902,1408,0,0.06,2304,0.57,0.08,0.34
tract,24031700903,653,0.02,0.07,1097,0.64,0.1,0.23
tract,24031700904,1804,0.05,0.11,2141,0.64,0.15,0.2
tract,24031700905,1527,0.03,0.04,2170,0.57,0.08,0.34
tract,24031701001,2263,0.01,0.04,2797,0.61,0.07,0.31
tract,24031701002,1533,0.02,0.04,1788,0.55,0.01,0.44
tract,24031701004,1721,0,0.06,2359,0.43,0.17,0.4
tract,24031701005,1082,0.06,0.06,1606,0.48,0.07,0.43
tract,24031701006,1774,0.01,0.02,2368,0.51,0.05,0.44
tract,24031701007,1430,0.02,0,1963,0.47,0.09,0.39
tract,24031701101,1618,0.07,0.04,2764,0.64,0.13,0.23
tract,24031701102,2012,0.01,0.04,3578,0.5,0.19,0.28
tract,24031701201,2571,0.03,0.05,4200,0.44,0.07,0.48
tract,24031701202,1013,0,0.02,1450,0.4,0.19,0.4
tract,24031701205,2486,0.01,0.02,3453,0.56,0.07,0.35
tract,24031701206,2099,0.01,0.07,3349,0.63,0.05,0.32
tract,24031701210,1254,0,0.06,1841,0.5,0.04,0.44
tract,24031701211,2413,0.05,0.07,3125,0.58,0.16,0.25
tract,24031701212,892,0.04,0.08,1351,0.58,0.11,0.29
tract,24031701214,2016,0.01,0.1,2483,0.37,0.18,0.44
tract,24031701215,2351,0,0.12,2771,0.55,0.17,0.28
tract,24031701216,3439,0.01,0.05,3224,0.43,0.18,0.36
tract,24031701218,1506,0.05,0.05,1276,0.52,0.16,0.31
tract,24031701219,1931,0.11,0.11,2836,0.51,0.2,0.28
tract,24031701220,1124,0.01,0.03,1770,0.64,0.04,0.3
tract,24031701221,1682,0.03,0.07,2194,0.58,0.03,0.37
tract,24031701222,1789,0,0.07,1545,0.48,0.08,0.43
tract,24031701223,1575,0,0.1,2096,0.5,0.08,0.43
tract,24031701303,1405,0,0.04,1754,0.5,0.05,0.42
tract,24031701304,2167,0.03,0.02,3193,0.6,0.02,0.37
tract,24031701306,922,0.02,0.05,1371,0.58,0.01,0.39
tract,24031701307,1490,0.01,0.04,2390,0.57,0.02,0.39
tract,24031701308,1599,0.01,0.08,2270,0.73,0.02,0.24
tract,24031701312,1984,0,0.04,3194,0.68,0.04,0.26
tract,24031701313,1151,0.03,0.07,1769,0.59,0.04,0.38
tract,24031701314,1011,0.01,0.04,1497,0.63,0.04,0.32
tract,24031701315,1595,0.01,0.05,2484,0.66,0.05,0.28
tract,24031701316,2174,0.02,0.05,3256,0.55,0.08,0.36
tract,24031701317,1384,0.03,0.04,2367,0.69,0.03,0.27
tract,24031701407,1832,0.02,0.07,2628,0.67,0.06,0.25
tract,24031701408,1810,0.02,0.09,2969,0.7,0.02,0.28
tract,24031701409,1443,0.08,0.03,2690,0.71,0.05,0.21
tract,24031701414,2476,0.08,0.15,4118,0.63,0.11,0.26
tract,24031701415,2526,0.01,0.1,3639,0.59,0.06,0.29
tract,24031701417,2796,0,0.1,3272,0.8,0.01,0.16
tract,24031701418,1121,0,0.07,1679,0.81,0.04,0.14
tract,24031701422,1151,0,0.17,1401,0.77,0.15,0.09
tract,24031701423,1914,0.01,0.15,3072,0.78,0.08,0.12
tract,24031701424,921,0,0.04,1634,0.78,0.05,0.17
tract,24031701425,1679,0.05,0.06,1462,0.81,0.08,0.07
tract,24031701426,1903,0.02,0.06,3506,0.78,0.04,0.18
tract,24031701427,945,0,0.05,1871,0.69,0.03,0.26
tract,24031701503,2231,0.05,0.04,3931,0.74,0.01,0.22
tract,24031701505,2651,0.03,0.08,3507,0.69,0.13,0.17
tract,24031701506,1758,0,0.04,2631,0.56,0.06,0.34
tract,24031701507,1995,0.03,0.04,2317,0.49,0.1,0.4
tract,24031701508,1641,0.03,0.06,2377,0.71,0.07,0.21
tract,24031701509,2298,0.06,0.21,3073,0.67,0.13,0.13
tract,24031701601,749,0.01,0.1,1164,0.77,0.08,0.06
tract,24031701602,1853,0.08,0.15,3221,0.77,0.11,0.08
tract,24031701701,1545,0.08,0.06,1683,0.36,0.27,0.35
tract,24031701702,1032,0.04,0.09,1402,0.44,0.23,0.33
tract,24031701703,1366,0,0.05,2072,0.59,0.08,0.33
tract,24031701704,1094,0.01,0.06,1342,0.4,0.14,0.43
tract,24031701800,1796,0.05,0.13,2197,0.4,0.22,0.38
tract,24031701900,1325,0.04,0.12,1632,0.54,0.25,0.14
tract,24031702000,1674,0,0.11,2797,0.76,0.14,0.09
tract,24031702101,1875,0.04,0.08,2828,0.76,0.13,0.1
tract,24031702102,1156,0.03,0.01,1750,0.47,0.02,0.5
tract,24031702200,1554,0,0.05,2244,0.41,0.08,0.48
tract,24031702301,1278,0.01,0.08,1785,0.59,0.15,0.17
tract,24031702302,1851,0.06,0.21,2295,0.54,0.16,0.27
tract,24031702401,1053,0,0.06,1472,0.53,0.1,0.36
tract,24031702402,2133,0.03,0.13,2838,0.32,0.28,0.38
tract,24031702501,2367,0.02,0.06,2729,0.43,0.15,0.38
tract,24031702502,1090,0.01,0.17,1124,0.42,0.28,0.26
tract,24031702503,2636,0.08,0.06,3325,0.34,0.24,0.42
tract,24031702602,2296,0.06,0.1,3552,0.54,0.22,0.2
tract,24031702603,1126,0.02,0.13,1437,0.36,0.21,0.41
tract,24031702604,1780,0.01,0.07,2541,0.45,0.19,0.34
tract,24031702700,2479,0.01,0.13,3479,0.56,0.14,0.24
tract,24031702800,2680,0.1,0.04,3563,0.44,0.15,0.39
tract,24031702900,2282,0.02,0.05,2911,0.43,0.21,0.35
tract,24031703000,695,0.01,0.08,1008,0.43,0.08,0.46
tract,24031703100,1560,0.02,0.05,2476,0.65,0.14,0.2
tract,24031703201,2239,0,0.06,4651,0.61,0.06,0.32
tract,24031703202,2062,0.01,0.04,2811,0.47,0.11,0.42
tract,24031703206,1501,0.01,0.11,2201,0.55,0.19,0.25
tract,24031703207,1700,0.01,0.12,2584,0.63,0.18,0.17
tract,24031703208,1557,0,0.05,2421,0.62,0.04,0.32
tract,24031703209,2486,0.01,0.12,3396,0.6,0.19,0.21
tract,24031703210,1269,0.05,0.07,2064,0.65,0.03,0.3
tract,24031703213,2352,0.07,0.1,3322,0.72,0.15,0.12
tract,24031703214,2525,0.08,0.1,3160,0.71,0.18,0.1
tract,24031703215,1013,0.01,0.07,1582,0.6,0.18,0.17
tract,24031703216,2290,0.09,0.06,1263,0.68,0.11,0.2
tract,24031703218,1477,0.04,0.09,230,0.58,0.15,0.27
tract,24031703219,2258,0.02,0.08,360,0.66,0.04,0.29
tract,24031703220,1769,0.08,0.06,2467,0.71,0.1,0.17
tract,24031703221,1664,0.02,0.11,2977,0.62,0.06,0.3
tract,24031703222,1496,0.01,0.11,2163,0.72,0.12,0.14
tract,24031703223,1956,0.01,0.07,3358,0.64,0.06,0.26
tract,24031703301,1375,0.05,0.11,2497,0.79,0.07,0.13
tract,24031703302,1327,0.06,0.07,2741,0.77,0.12,0.09
tract,24031703401,1485,0.02,0.08,2858,0.78,0.06,0.15
tract,24031703402,1095,0.02,0.04,2460,0.75,0.08,0.16
tract,24031703403,945,0.02,0.18,1933,0.71,0.1,0.17
tract,24031703404,900,0.04,0.08,2019,0.83,0.09,0.07
tract,24031703501,2153,0.03,0.08,2964,0.69,0.09,0.22
tract,24031703502,1162,0.15,0.04,1420,0.6,0.04,0.33
tract,24031703601,1895,0.04,0.09,2572,0.7,0.05,0.23
tract,24031703602,1011,0,0.04,1145,0.47,0.14,0.39
tract,24031703701,1189,0.09,0.08,2301,0.75,0.08,0.16
tract,24031703702,1340,0.02,0.03,2196,0.7,0.11,0.2
tract,24031703800,2197,0.11,0.09,2619,0.36,0.22,0.42
tract,24031703901,1092,0.03,0.03,1755,0.41,0.12,0.45
tract,24031703902,2715,0.01,0.04,3784,0.67,0.13,0.2
tract,24031704000,2454,0.03,0.08,3552,0.61,0.14,0.24
tract,24031704100,1576,0.01,0.03,2077,0.56,0.07,0.36
tract,24031704200,893,0.03,0.06,1054,0.61,0.13,0.24
tract,24031704300,1307,0.03,0.05,1934,0.46,0.07,0.45
tract,24031704401,1136,0.01,0.05,1542,0.58,0.1,0.32
tract,24031704403,950,0,0.06,732,0.56,0.07,0.38
tract,24031704404,2070,0.03,0.1,2675,0.44,0.08,0.45
tract,24031704501,1092,0.01,0.05,1668,0.61,0.06,0.3
tract,24031704502,1000,0,0.03,1536,0.44,0.05,0.51
tract,24031704503,1406,0.03,0.02,2100,0.46,0.18,0.35
tract,24031704600,1811,0.04,0.04,2717,0.34,0.18,0.46
tract,24031704700,1344,0,0.03,1968,0.52,0.17,0.3
tract,24031704803,2332,0.02,0.06,2797,0.41,0.2,0.37
tract,24031704804,1482,0.01,0.06,1661,0.28,0.33,0.39
tract,24031704805,1728,0.05,0.07,1805,0.33,0.29,0.36
tract,24031704806,2823,0.04,0.03,3177,0.37,0.35,0.27
tract,24031705000,1644,0.03,0.08,2480,0.34,0.23,0.43
tract,24031705100,2014,0.02,0.03,2797,0.56,0.08,0.35
tract,24031705200,1185,0.01,0.03,1738,0.52,0.08,0.39
tract,24031705300,678,0.01,0.03,794,0.48,0.12,0.38
tract,24031705400,990,0.02,0.02,1452,0.38,0.17,0.44
tract,24031705501,1212,0.01,0.04,1477,0.38,0.31,0.28
tract,24031705502,1621,0.02,0.03,1766,0.32,0.21,0.46
tract,24031705601,1147,0.01,0.03,1780,0.38,0.15,0.45
tract,24031705602,2459,0.02,0.07,1829,0.22,0.4,0.35
tract,24031705701,1688,0,0.07,2281,0.52,0.14,0.31
tract,24031705702,1727,0,0.05,2148,0.55,0.09,0.35
tract,24031705800,2225,0.02,0.04,3205,0.58,0.05,0.37
tract,24031705901,1459,0,0.08,1978,0.42,0.08,0.49
tract,24031705902,1412,0.01,0.06,1992,0.55,0.06,0.39
tract,24031705903,1665,0,0.02,2253,0.56,0.06,0.35
tract,24031706005,1548,0.01,0.02,2203,0.5,0.03,0.45
tract,24031706007,2365,0.01,0.02,3660,0.71,0.02,0.26
tract,24031706008,1909,0,0.03,2584,0.54,0.02,0.42
tract,24031706009,1694,0,0.01,2127,0.56,0.03,0.4
tract,24031706010,1078,0,0.11,1483,0.44,0.04,0.5
tract,24031706011,1813,0.01,0.04,2709,0.51,0.04,0.4
tract,24031706012,1913,0.01,0.1,1549,0.6,0.09,0.3
tract,24031706013,984,0.01,0.08,1301,0.67,0.05,0.27
tract,24033800102,1523,0.01,0.17,1891,0.81,0.02,0.14
tract,24033800103,988,0.05,0.19,1682,0.79,0.07,0.09
tract,24033800105,1388,0.02,0.09,1945,0.82,0.01,0.13
tract,24033800106,1344,0.01,0.06,2054,0.73,0.07,0.19
tract,24033800108,1934,0,0.14,2179,0.73,0.06,0.17
tract,24033800109,1310,0.02,0.12,2434,0.83,0.02,0.08
tract,24033800203,1631,0.01,0.03,2578,0.79,0.02,0.17
tract,24033800206,1763,0.02,0.02,2247,0.76,0.1,0.12
tract,24033800209,1749,0.06,0.09,2198,0.83,0.08,0.02
tract,24033800210,1133,0.1,0.11,1658,0.74,0.06,0.16
tract,24033800211,1371,0.07,0.25,1747,0.82,0.08,0.07
tract,24033800212,2846,0.02,0.12,3541,0.64,0.01,0.31
tract,24033800213,1733,0.03,0.03,2340,0.68,0.03,0.26
tract,24033800216,1607,0,0.05,2534,0.6,0.09,0.29
tract,24033800217,1643,0.03,0.12,2008,0.81,0.04,0.15
tract,24033800218,2420,0.04,0.11,3637,0.78,0.03,0.11
tract,24033800401,881,0.03,0.08,1254,0.63,0.03,0.33
tract,24033800402,1872,0.05,0.06,2737,0.69,0.06,0.23
tract,24033800403,1311,0.01,0.11,2134,0.73,0.07,0.19
tract,24033800408,2282,0.04,0.12,3700,0.75,0.03,0.21
tract,24033800409,2356,0.02,0.04,3938,0.66,0.04,0.3
tract,24033800410,1720,0.02,0.11,3328,0.67,0.07,0.26
tract,24033800411,1543,0,0.11,2142,0.76,0.03,0.21
tract,24033800412,1373,0.02,0.16,2458,0.83,0.07,0.08
tract,24033800413,1496,0.01,0.12,2201,0.76,0.04,0.16
tract,24033800504,1652,0.02,0.02,2365,0.78,0.01,0.2
tract,24033800505,918,0,0.08,1377,0.74,0.01,0.24
tract,24033800507,1406,0.03,0.13,1543,0.78,0.01,0.2
tract,24033800511,2034,0.01,0.08,3233,0.62,0.06,0.29
tract,24033800513,2238,0.01,0.04,3359,0.65,0.04,0.32
tract,24033800514,2328,0,0.04,3882,0.59,0.06,0.34
tract,24033800515,1951,0,0.09,2511,0.65,0.04,0.25
tract,24033800516,1709,0.02,0.12,2060,0.74,0.03,0.23
tract,24033800517,2022,0.02,0.11,2855,0.63,0.06,0.29
tract,24033800518,1241,0.03,0.05,2054,0.62,0.11,0.27
tract,24033800519,1512,0.01,0.09,2303,0.7,0,0.28
tract,24033800520,1101,0.06,0.06,1285,0.74,0.04,0.21
tract,24033800521,3240,0.05,0.1,3273,0.72,0.05,0.22
tract,24033800522,1338,0,0.05,2275,0.69,0.01,0.29
tract,24033800605,1624,0,0.08,2564,0.8,0.05,0.12
tract,24033800606,2170,0,0.07,2846,0.67,0.05,0.18
tract,24033800607,2119,0.04,0.09,3441,0.7,0.01,0.27
tract,24033800608,2894,0.01,0.08,4570,0.62,0.04,0.32
tract,24033800609,1474,0.02,0.13,2079,0.76,0.04,0.18
tract,24033800701,3408,0.02,0.08,5984,0.67,0.04,0.25
tract,24033800704,2209,0.01,0.14,2813,0.67,0,0.3
tract,24033800705,1641,0.02,0.11,2555,0.69,0.02,0.26
tract,24033800706,1358,0.01,0.07,2111,0.72,0.01,0.22
tract,24033800707,1382,0.1,0.16,1686,0.62,0.03,0.32
tract,24033800800,1282,0.02,0.01,1910,0.64,0.01,0.35
tract,24033800900,615,0.08,0.13,832,0.69,0.01,0.28
tract,24033801003,2584,0.07,0.11,3959,0.67,0.06,0.27
tract,24033801004,1954,0.02,0.07,3322,0.72,0.01,0.25
tract,24033801005,1409,0.02,0.11,2392,0.79,0.04,0.15
tract,24033801006,1443,0.04,0.04,2675,0.75,0.03,0.17
tract,24033801105,392,0,0.1,868,0.83,0.07,0.1
tract,24033801106,488,0.01,0.05,675,0.76,0.03,0.13
tract,24033801207,1506,0.01,0.07,2178,0.71,0.02,0.19
tract,24033801208,1863,0.05,0.06,2858,0.72,0.04,0.2
tract,24033801209,1555,0.03,0.1,2077,0.73,0.02,0.23
tract,24033801210,1619,0.04,0.05,2022,0.74,0.06,0.11
tract,24033801211,1024,0.03,0.1,1980,0.69,0.05,0.11
tract,24033801212,1156,0.02,0.09,2035,0.76,0.11,0.12
tract,24033801213,1525,0.12,0.03,1942,0.59,0.02,0.38
tract,24033801214,1590,0.07,0.11,1793,0.8,0.03,0.17
tract,24033801215,1018,0.01,0.18,1692,0.77,0.07,0.15
tract,24033801216,1250,0.08,0.15,1621,0.71,0.04,0.18
tract,24033801217,1144,0.02,0.09,1877,0.74,0.02,0.24
tract,24033801302,986,0.05,0.09,1549,0.55,0.02,0.38
tract,24033801305,2072,0.02,0.06,2778,0.61,0.06,0.31
tract,24033801307,1327,0.03,0.05,1505,0.73,0.06,0.17
tract,24033801308,1255,0.05,0.03,1845,0.75,0.02,0.22
tract,24033801309,1367,0.03,0.06,1954,0.69,0,0.31
tract,24033801310,2519,0.02,0.03,3869,0.64,0.04,0.29
tract,24033801311,2610,0.01,0.11,4242,0.62,0.04,0.34
tract,24033801312,1608,0.01,0.08,2648,0.83,0.03,0.15
tract,24033801313,1123,0.02,0.06,1754,0.67,0.03,0.21
tract,24033801404,2721,0.04,0.03,3342,0.67,0.06,0.25
tract,24033801405,1654,0.12,0.05,2053,0.8,0.11,0.09
tract,24033801406,1560,0.04,0.03,1557,0.71,0.05,0.24
tract,24033801407,2548,0.01,0.04,3967,0.69,0.07,0.21
tract,24033801408,1455,0.07,0.1,1671,0.72,0.08,0.14
tract,24033801409,965,0.02,0.07,1283,0.74,0.1,0.1
tract,24033801410,1260,0.02,0.08,2330,0.72,0.11,0.15
tract,24033801411,1031,0.02,0.04,1474,0.72,0.07,0.2
tract,24033801500,748,0.05,0.13,1035,0.78,0.02,0.15
tract,24033801600,1110,0.12,0.13,1452,0.73,0.07,0.15
tract,24033801701,1785,0.06,0.08,2492,0.73,0.04,0.2
tract,24033801702,1791,0.03,0.1,1824,0.69,0.11,0.19
tract,24033801704,2370,0.07,0.19,2379,0.58,0.2,0.15
tract,24033801707,2219,0.03,0.06,3544,0.7,0.21,0.06
tract,24033801709,2114,0.07,0.05,1821,0.74,0.1,0.14
tract,24033801801,828,0.09,0.16,675,0.65,0.24,0.07
tract,24033801802,1858,0.04,0.15,1966,0.71,0.12,0.17
tract,24033801807,2184,0.07,0.13,2476,0.7,0.13,0.16
tract,24033801808,1532,0.11,0.11,1540,0.64,0.14,0.18
tract,24033801809,1932,0.05,0.13,2180,0.66,0.15,0.14
tract,24033801901,1627,0.09,0.08,2353,0.66,0.08,0.23
tract,24033801904,1369,0.06,0.07,1952,0.72,0.08,0.15
tract,24033801905,3239,0.03,0.18,4410,0.74,0.13,0.11
tract,24033801906,834,0.12,0.07,920,0.78,0.09,0.12
tract,24033801907,1881,0.15,0.13,1324,0.72,0.12,0.08
tract,24033801908,1322,0.02,0.24,2017,0.84,0.11,0.04
tract,24033802001,2235,0.03,0.13,2140,0.64,0.09,0.19
tract,24033802002,1922,0.06,0.08,2444,0.74,0.08,0.17
tract,24033802103,1064,0.08,0.19,1349,0.68,0.12,0.16
tract,24033802104,939,0.11,0.06,908,0.67,0.16,0.17
tract,24033802106,1811,0.14,0.12,2103,0.59,0.21,0.14
tract,24033802107,1666,0.06,0.03,2136,0.69,0.13,0.14
tract,24033802201,2303,0.02,0.04,3315,0.65,0.05,0.3
tract,24033802203,1726,0.11,0.07,1772,0.56,0.19,0.2
tract,24033802204,1960,0.04,0.12,2309,0.76,0.08,0.16
tract,24033802301,1133,0.02,0.09,1794,0.77,0.17,0.04
tract,24033802404,1725,0.04,0.08,1886,0.68,0.16,0.11
tract,24033802405,1544,0.14,0.1,1686,0.53,0.22,0.23
tract,24033802406,951,0.05,0.08,1283,0.56,0.3,0.12
tract,24033802407,2002,0.05,0.12,2203,0.67,0.21,0.08
tract,24033802408,1145,0.08,0.12,1097,0.78,0.14,0.05
tract,24033802501,1280,0.04,0.08,1209,0.62,0.18,0.18
tract,24033802502,946,0.01,0.07,1228,0.75,0.09,0.15
tract,24033802600,1280,0.08,0.14,1513,0.65,0.08,0.27
tract,24033802700,917,0.13,0.07,1144,0.75,0.16,0.06
tract,24033802803,2240,0.08,0.08,3104,0.68,0.14,0.13
tract,24033802804,1929,0.06,0.11,2038,0.69,0.14,0.12
tract,24033802805,1919,0.07,0.17,2417,0.69,0.14,0.11
tract,24033802901,1645,0.06,0.11,1618,0.71,0.05,0.22
tract,24033803001,1214,0.05,0.12,1789,0.74,0.15,0.11
tract,24033803002,1015,0.15,0.07,1138,0.68,0.05,0.26
tract,24033803100,1290,0.06,0.1,1514,0.63,0.24,0.09
tract,24033803200,1122,0.08,0.07,1406,0.59,0.22,0.09
tract,24033803300,1684,0.05,0.25,2418,0.83,0.07,0.09
tract,24033803403,2312,0.08,0.15,2209,0.69,0.15,0.14
tract,24033803508,1197,0.05,0.06,1561,0.91,0.03,0.05
tract,24033803509,1399,0.04,0.15,1974,0.75,0.08,0.14
tract,24033803512,2838,0,0.09,3999,0.65,0.04,0.28
tract,24033803513,2457,0.13,0.13,3030,0.62,0.12,0.25
tract,24033803514,2760,0.01,0.08,3082,0.64,0.14,0.21
tract,24033803516,1569,0.01,0.08,2450,0.7,0.06,0.24
tract,24033803519,2570,0.02,0.07,3128,0.58,0.13,0.28
tract,24033803520,1590,0,0.09,2654,0.75,0.04,0.21
tract,24033803521,3075,0.02,0.07,5062,0.68,0.03,0.27
tract,24033803524,1750,0.03,0.09,2830,0.74,0.05,0.16
tract,24033803525,1005,0.05,0.09,1104,0.62,0.15,0.15
tract,24033803526,1383,0.02,0.03,1969,0.73,0.12,0.14
tract,24033803527,1294,0,0.05,1447,0.82,0.04,0.15
tract,24033803528,2473,0.02,0.08,3338,0.66,0.07,0.19
tract,24033803601,1153,0.06,0.05,1664,0.7,0.06,0.19
tract,24033803602,807,0.07,0.09,911,0.81,0.08,0.09
tract,24033803605,2155,0.06,0.1,3470,0.76,0.07,0.12
tract,24033803606,1372,0.04,0.08,2239,0.88,0.01,0.09
tract,24033803607,1071,0.06,0.12,1893,0.78,0.06,0.15
tract,24033803608,1788,0.07,0.21,3243,0.82,0.04,0.09
tract,24033803610,1087,0,0.14,1654,0.88,0.05,0.07
tract,24033803612,1598,0.01,0.21,2050,0.72,0.13,0.15
tract,24033803613,2822,0.01,0.14,4042,0.8,0.11,0.07
tract,24033803700,795,0.02,0.05,1530,0.83,0.08,0.07
tract,24033803801,704,0.06,0.1,1189,0.88,0.04,0.06
tract,24033803803,1756,0.06,0.18,3059,0.85,0.06,0.03
tract,24033803900,1014,0.07,0.07,1807,0.77,0.1,0.06
tract,24033804001,1957,0.08,0.2,2010,0.71,0.15,0.13
tract,24033804002,1235,0.06,0.09,1857,0.76,0.13,0.08
tract,24033804101,1016,0.06,0.05,1215,0.77,0.03,0.2
tract,24033804102,2372,0.06,0.07,3449,0.71,0.21,0.07
tract,24033804200,1166,0.01,0.04,1574,0.51,0.12,0.35
tract,24033804300,1254,0.05,0.28,2189,0.74,0.17,0.05
tract,24033804400,901,0.03,0.12,1523,0.72,0.08,0.18
tract,24033804600,1309,0.08,0.12,1892,0.59,0.19,0.15
tract,24033804700,1551,0.07,0.13,1848,0.52,0.15,0.31
tract,24033804801,1466,0.06,0.18,1630,0.68,0.2,0.11
tract,24033804802,1259,0.06,0.26,1540,0.73,0.19,0.05
tract,24033804900,1517,0.09,0.17,1996,0.52,0.34,0.11
tract,24033805000,2205,0.09,0.09,2817,0.63,0.08,0.17
tract,24033805101,1380,0.01,0.14,2110,0.67,0.24,0.08
tract,24033805201,1427,0.01,0.08,2285,0.68,0.15,0.1
tract,24033805202,1121,0.06,0.14,1929,0.74,0.14,0.05
tract,24033805500,1161,0.08,0.24,2008,0.86,0.06,0.07
tract,24033805601,1702,0.16,0.24,3362,0.6,0.36,0.03
tract,24033805602,1356,0.03,0.32,2496,0.82,0.13,0.01
tract,24033805700,1738,0.05,0.22,3109,0.77,0.17,0.04
tract,24033805801,1071,0.07,0.05,2038,0.75,0.2,0.04
tract,24033805802,1217,0.01,0.16,2595,0.78,0.12,0.08
tract,24033805904,920,0.04,0.11,2082,0.83,0.05,0.11
tract,24033805906,1265,0.11,0.13,2036,0.75,0.12,0.11
tract,24033805907,1262,0.05,0.23,1855,0.71,0.13,0.09
tract,24033805908,1481,0.01,0.06,2059,0.36,0.32,0.32
tract,24033805909,1867,0,0.09,2904,0.55,0.26,0.16
tract,24033806000,2332,0.03,0.08,3703,0.71,0.15,0.12
tract,24033806100,1526,0.02,0.04,2548,0.47,0.11,0.42
tract,24033806400,1579,0,0.02,2239,0.45,0.18,0.37
tract,24033806501,1610,0.07,0.11,2637,0.58,0.14,0.21
tract,24033806601,1452,0.13,0.12,3008,0.74,0.11,0.08
tract,24033806602,1329,0.1,0.09,2073,0.74,0.13,0.08
tract,24033806706,1464,0.05,0.14,1936,0.7,0.17,0.12
tract,24033806708,2244,0.07,0.17,2125,0.7,0.11,0.19
tract,24033806710,2078,0,0.08,2812,0.75,0.06,0.13
tract,24033806711,1691,0.01,0.1,2363,0.65,0.09,0.24
tract,24033806712,1543,0.02,0.2,1803,0.62,0.15,0.22
tract,24033806713,1300,0.07,0.16,1588,0.68,0.23,0.03
tract,24033806714,2102,0,0.15,3099,0.62,0.22,0.16
tract,24033806800,1177,0.04,0.07,1962,0.65,0.08,0.26
tract,24033806900,1409,0.01,0.1,2508,0.72,0.12,0.15
tract,24033807000,3310,0.02,0.08,4280,0.59,0.23,0.16
tract,24033807102,1102,0.03,0.06,1464,0.39,0.21,0.37
tract,24033807301,1401,0.02,0.06,2176,0.72,0.16,0.11
tract,24033807304,640,0,0.11,911,0.82,0.09,0.05
tract,24033807305,1095,0.01,0.11,2311,0.77,0.08,0.07
tract,24033807404,1624,0.01,0.02,2743,0.8,0.06,0.12
tract,24033807405,2085,0.02,0.11,3858,0.79,0.05,0.14
tract,24033807407,2277,0.03,0.09,3092,0.89,0.03,0.07
tract,24033807408,2368,0.02,0.08,3218,0.63,0.05,0.31
tract,24033807409,1130,0.1,0.05,1576,0.86,0.04,0.07
tract,24033807410,2394,0.02,0.07,1763,0.71,0.13,0.15
tract,24033807500,2744,0.06,0.12,3568,0.57,0.13,0.26
tract,24033980000,1754,0.01,0.09,4392,0.38,0.47,0.12
tract,24035810100,1077,0.05,0.12,1298,0.91,0.01,0.02
tract,24035810200,999,0.15,0.19,1277,0.92,0,0.08
tract,24035810300,2062,0.08,0.1,2874,0.94,0.01,0.05
tract,24035810400,2339,0.04,0.09,3644,0.77,0,0.23
tract,24035810500,1895,0.04,0.12,2147,0.78,0.01,0.21
tract,24035810600,1911,0.05,0.06,2689,0.82,0.01,0.17
tract,24035810700,1450,0.11,0.1,2052,0.75,0.01,0.24
tract,24035810800,2696,0.07,0.1,3418,0.84,0.01,0.15
tract,24035810901,2400,0,0.05,3552,0.81,0.02,0.15
tract,24035810902,1175,0.01,0.06,1540,0.79,0.01,0.2
tract,24035811000,1903,0.04,0.09,2466,0.87,0.03,0.08
tract,24037875000,2175,0.05,0.07,3249,0.84,0.02,0.14
tract,24037875100,1794,0.06,0.09,2509,0.88,0.03,0.09
tract,24037875201,1965,0.06,0.05,2889,0.78,0.03,0.19
tract,24037875202,2114,0.12,0.03,3097,0.85,0.05,0.1
tract,24037875300,1380,0.15,0.09,1412,0.73,0.06,0.21
tract,24037875400,2700,0.02,0.09,3627,0.78,0.03,0.16
tract,24037875501,2694,0.03,0.04,3712,0.83,0,0.17
tract,24037875502,1462,0.08,0.03,1970,0.71,0.03,0.24
tract,24037875601,778,0.14,0.05,1089,0.79,0.05,0.14
tract,24037875602,2723,0.02,0.03,3657,0.73,0.03,0.24
tract,24037875700,2343,0.02,0.09,3745,0.79,0,0.21
tract,24037875803,2098,0.05,0.02,3084,0.67,0.14,0.16
tract,24037875903,1348,0.11,0.02,1538,0.85,0.03,0.12
tract,24037875904,2265,0.15,0.03,2981,0.84,0.07,0.09
tract,24037875905,1048,0.06,0.06,1300,0.76,0.09,0.15
tract,24037875906,2104,0.02,0.01,2999,0.72,0.05,0.23
tract,24037876001,2376,0.09,0.06,2862,0.87,0,0.11
tract,24037876003,1128,0.02,0.07,1655,0.85,0.01,0.13
tract,24037876004,2755,0.02,0.05,4501,0.8,0.02,0.17
tract,24037876101,1758,0.06,0.07,2250,0.76,0,0.22
tract,24037876102,1171,0.01,0.12,1791,0.64,0.03,0.33
tract,24037876200,2257,0.07,0.03,3170,0.62,0.12,0.25
tract,24039930101,1904,0.04,0.31,2288,0.82,0.12,0.06
tract,24039930102,1736,0.16,0.14,2054,0.89,0.02,0.09
tract,24039930200,774,0.22,0.19,676,0.76,0.04,0.18
tract,24039930500,1702,0.11,0.25,1856,0.86,0.01,0.12
tract,24039930600,1151,0.19,0.18,1052,0.94,0.01,0.04
tract,24039930800,1081,0.16,0.19,858,0.89,0,0.11
tract,24041960100,1351,0.09,0.1,1718,0.82,0.08,0.09
tract,24041960201,1884,0.04,0.1,1839,0.72,0.01,0.27
tract,24041960300,1610,0.09,0.17,1554,0.88,0.02,0.08
tract,24041960400,2431,0.07,0.08,2689,0.65,0.08,0.22
tract,24041960501,1923,0.09,0.09,2371,0.88,0.03,0.09
tract,24041960502,1846,0.13,0.07,1898,0.92,0,0.08
tract,24041960600,798,0.05,0.09,720,0.76,0.02,0.23
tract,24041960700,1816,0.09,0.03,1569,0.76,0.06,0.16
tract,24041960800,965,0.04,0.02,826,0.76,0.06,0.17
tract,24041960900,1809,0.07,0.16,1657,0.79,0.05,0.16
tract,24043000100,1735,0.11,0.1,1678,0.87,0.01,0.06
tract,24043000200,1670,0.05,0.09,2118,0.83,0,0.17
tract,24043000301,1337,0.05,0.11,1615,0.78,0.08,0.12
tract,24043000302,908,0.06,0.12,1196,0.85,0.01,0.06
tract,24043000400,924,0.29,0.2,757,0.83,0.07,0.1
tract,24043000500,2634,0.11,0.11,2340,0.76,0.09,0.1
tract,24043000601,973,0.05,0.14,1107,0.8,0.05,0.1
tract,24043000602,1655,0.12,0.04,1440,0.83,0.02,0.14
tract,24043000700,1159,0.16,0.09,1053,0.81,0.1,0.06
tract,24043000800,1847,0.25,0.13,1616,0.84,0.07,0.07
tract,24043000900,1344,0.08,0.25,1466,0.78,0.04,0.07
tract,24043001001,2005,0.11,0.13,2253,0.89,0.01,0.06
tract,24043001002,1505,0.09,0.05,1774,0.93,0.01,0.06
tract,24043010100,444,0.21,0.1,595,0.8,0,0.2
tract,24043010200,1885,0.09,0.07,2349,0.8,0.02,0.17
tract,24043010300,2890,0.04,0.06,3655,0.82,0.03,0.15
tract,24043010401,1838,0.14,0.06,2142,0.77,0.02,0.21
tract,24043010402,2160,0.14,0.18,2841,0.7,0.06,0.22
tract,24043010600,1908,0.09,0.13,2596,0.93,0,0.07
tract,24043010700,1523,0.18,0.23,1487,0.91,0,0.08
tract,24043010802,1137,0.11,0.12,1396,0.92,0.02,0.06
tract,24043010803,1943,0.05,0.12,2171,0.9,0,0.1
tract,24043010901,2435,0.04,0.1,3675,0.89,0.02,0.09
tract,24043010902,1194,0.08,0.05,1446,0.87,0.01,0.12
tract,24043011100,3087,0.07,0.08,3216,0.83,0.09,0.07
tract,24043011202,1827,0.06,0.09,2499,0.85,0.02,0.13
tract,24043011203,2096,0.08,0.05,2470,0.77,0.01,0.22
tract,24043011204,1615,0.05,0.05,2472,0.79,0.02,0.19
tract,24043011301,1880,0.12,0.05,2502,0.89,0.02,0.08
tract,24043011302,1435,0.08,0.03,2178,0.85,0.01,0.13
tract,24043011400,2547,0.11,0.1,2894,0.84,0.01,0.15
tract,24043011501,1614,0.02,0.15,2136,0.82,0,0.18
tract,24043011502,1307,0.15,0.12,1663,0.65,0.05,0.29
tract,24043011600,1129,0.07,0.1,1245,0.83,0,0.17
tract,24043011700,2228,0.08,0.14,2599,0.93,0.05,0.03
tract,24045000100,1999,0.01,0.13,2662,0.98,0.01,0.01
tract,24045000200,801,0.06,0.12,877,0.86,0.03,0.02
tract,24045000300,424,0.34,0.31,464,0.77,0.05,0.1
tract,24045000400,1563,0.04,0.07,1782,0.85,0.07,0.07
tract,24045000500,909,0.01,0.15,1483,0.81,0.14,0.01
tract,24045010101,2846,0.05,0.12,3521,0.88,0.05,0.06
tract,24045010102,1425,0.07,0.09,1603,0.88,0.02,0.07
tract,24045010200,2433,0.13,0.12,2390,0.92,0.03,0.01
tract,24045010300,3233,0.05,0.15,3962,0.86,0,0.14
tract,24045010400,2373,0.06,0.1,3389,0.76,0.08,0.15
tract,24045010501,1953,0.04,0.05,2310,0.9,0,0.1
tract,24045010503,1413,0.07,0.12,1874,0.88,0.05,0.04
tract,24045010504,2097,0.04,0.12,2234,0.91,0,0.07
tract,24045010603,3973,0.07,0.13,5653,0.91,0.01,0.08
tract,24045010604,2232,0.12,0.16,2484,0.95,0,0.04
tract,24045010605,1594,0.06,0.09,2166,0.89,0.03,0.09
tract,24045010606,1620,0.06,0.3,2250,0.85,0.01,0.13
tract,24045010701,1664,0.11,0.14,2233,0.9,0.01,0.09
tract,24045010703,1652,0.04,0.11,2290,0.91,0.02,0.06
tract,24045010704,1686,0.07,0.18,2735,0.86,0.02,0.11
tract,24045010800,2580,0.14,0.19,3194,0.88,0,0.08
tract,24047950000,903,0.04,0.12,1041,0.68,0.23,0.09
tract,24047950100,1268,0.01,0.05,1095,0.69,0.04,0.25
tract,24047950300,1793,0.05,0.13,1488,0.73,0.05,0.17
tract,24047950400,1452,0.01,0.07,1715,0.82,0.01,0.17
tract,24047950600,1453,0.02,0.06,1276,0.75,0.04,0.2
tract,24047950700,1139,0.06,0.12,1075,0.79,0.03,0.16
tract,24047950800,2210,0.09,0.13,2558,0.82,0.01,0.16
tract,24047950900,957,0.02,0.18,1263,0.92,0.01,0.07
tract,24047951000,1694,0.03,0.18,1958,0.84,0.09,0.07
tract,24047951101,1625,0.08,0.08,1257,0.85,0,0.15
tract,24047951102,1681,0.06,0.1,1249,0.83,0,0.16
tract,24047951200,1424,0.19,0.29,1570,0.93,0.02,0.05
tract,24047951300,1136,0.09,0.14,1283,0.87,0.05,0.07
tract,24047951400,1398,0.28,0.18,1673,0.88,0,0.11
tract,24047951500,2187,0.02,0.13,2248,0.89,0,0.1
tract,24047951700,1816,0.06,0.13,1798,0.89,0.06,0.05
tract,24510010100,1433,0.02,0.06,1882,0.66,0.1,0.21
tract,24510010200,1372,0.05,0.07,2104,0.59,0.09,0.31
tract,24510010300,997,0.01,0.13,1495,0.57,0.06,0.34
tract,24510010400,1535,0.01,0.06,1965,0.64,0.1,0.24
tract,24510010500,924,0.05,0.05,1092,0.54,0.17,0.29
tract,24510020100,910,0.03,0.07,1323,0.47,0.15,0.37
tract,24510020200,879,0.04,0.19,882,0.44,0.29,0.25
tract,24510020300,2640,0.01,0.07,3253,0.57,0.22,0.21
tract,24510030100,720,0,0.12,606,0.41,0.23,0.35
tract,24510030200,1547,0.01,0.02,1969,0.52,0.27,0.21
tract,24510040100,5034,0.05,0.04,4898,0.5,0.19,0.28
tract,24510040200,531,0,0.25,855,0.43,0.38,0.14
tract,24510060100,1151,0.2,0.3,1340,0.73,0.09,0.16
tract,24510060200,1140,0.06,0.07,1184,0.62,0.14,0.22
tract,24510060300,705,0.06,0.11,934,0.53,0.15,0.3
tract,24510060400,923,0.06,0.15,1035,0.21,0.5,0.25
tract,24510070100,805,0.07,0.23,810,0.47,0.43,0.07
tract,24510070200,978,0.13,0.16,1119,0.66,0.23,0.06
tract,24510070300,370,0.09,0.16,512,0.56,0.24,0.18
tract,24510070400,705,0.23,0.08,622,0.21,0.64,0.11
tract,24510080101,1471,0.06,0.15,1812,0.52,0.23,0.22
tract,24510080102,689,0.14,0.18,537,0.55,0.27,0.07
tract,24510080200,423,0.12,0.15,419,0.5,0.37,0.09
tract,24510080301,691,0.1,0.18,749,0.64,0.15,0.13
tract,24510080302,1078,0.2,0.18,517,0.79,0.09,0.12
tract,24510080400,409,0.12,0.08,372,0.54,0.21,0.2
tract,24510080500,563,0.08,0.21,380,0.49,0.25,0.23
tract,24510080600,656,0.09,0.16,678,0.58,0.33,0.07
tract,24510080700,362,0.1,0.18,434,0.73,0.02,0.14
tract,24510080800,837,0.13,0.16,900,0.37,0.38,0.23
tract,24510090100,1730,0.12,0.13,1857,0.74,0.09,0.17
tract,24510090200,1360,0.04,0.14,1433,0.7,0.04,0.26
tract,24510090300,2155,0.11,0.08,2048,0.49,0.19,0.32
tract,24510090400,697,0.26,0.12,674,0.55,0.38,0.04
tract,24510090500,617,0.11,0.1,730,0.71,0.11,0.16
tract,24510090600,905,0.04,0.28,931,0.62,0.16,0.19
tract,24510090700,919,0.12,0.19,873,0.71,0.19,0.06
tract,24510090800,865,0.08,0.32,736,0.67,0.2,0
tract,24510090900,940,0.1,0.2,789,0.76,0.1,0.03
tract,24510100100,816,0.18,0.16,470,0.51,0.49,0.01
tract,24510100200,1194,0.16,0.28,767,0.35,0.36,0.07
tract,24510110100,1811,0.01,0.19,1438,0.35,0.38,0.27
tract,24510110200,4433,0.08,0.14,4214,0.46,0.28,0.26
tract,24510120100,2264,0,0.15,2883,0.48,0.19,0.34
tract,24510120201,900,0.01,0.08,1107,0.33,0.28,0.39
tract,24510120202,1643,0.01,0.18,1900,0.23,0.47,0.19
tract,24510120300,1510,0.04,0.16,1822,0.57,0.24,0.17
tract,24510120400,793,0.01,0.22,920,0.34,0.28,0.29
tract,24510120500,1268,0.05,0.14,1500,0.34,0.21,0.44
tract,24510120600,1635,0.15,0.17,1103,0.36,0.41,0.23
tract,24510120700,1101,0.07,0.05,1378,0.49,0.23,0.25
tract,24510130100,1692,0.08,0.14,1342,0.39,0.43,0.12
tract,24510130200,1095,0.14,0.06,1189,0.66,0.2,0.12
tract,24510130300,827,0.08,0.2,782,0.55,0.23,0.22
tract,24510130400,819,0.08,0.36,731,0.64,0.31,0.05
tract,24510130600,1886,0.03,0.04,2636,0.58,0.12,0.26
tract,24510130700,2418,0.04,0.06,2388,0.55,0.1,0.33
tract,24510130803,1389,0.09,0.25,1495,0.53,0.18,0.27
tract,24510130804,860,0.05,0.05,1058,0.69,0.05,0.21
tract,24510130805,606,0.15,0.13,601,0.61,0.08,0.23
tract,24510130806,728,0.01,0.01,930,0.62,0.13,0.25
tract,24510140100,2240,0.19,0.12,2335,0.58,0.18,0.24
tract,24510140200,1093,0.11,0.15,682,0.45,0.48,0.03
tract,24510140300,952,0.08,0.4,623,0.6,0.32,0.08
tract,24510150100,1060,0.27,0.22,703,0.61,0.26,0.13
tract,24510150200,882,0.33,0.19,614,0.5,0.41,0.09
tract,24510150300,553,0.07,0.23,503,0.43,0.45,0.12
tract,24510150400,1565,0.22,0.18,1440,0.53,0.38,0.08
tract,24510150500,779,0.15,0.25,644,0.67,0.18,0.05
tract,24510150600,1292,0.26,0.14,869,0.5,0.43,0.03
tract,24510150701,703,0.06,0.22,880,0.46,0.28,0.02
tract,24510150702,856,0.1,0.13,709,0.74,0.1,0.07
tract,24510150800,2062,0.27,0.23,1901,0.64,0.15,0.18
tract,24510150900,1332,0.17,0.05,885,0.65,0.07,0.23
tract,24510151000,1865,0.16,0.31,2065,0.58,0.32,0.09
tract,24510151100,2819,0.18,0.12,2972,0.67,0.08,0.25
tract,24510151200,1606,0.28,0.17,1288,0.73,0.12,0.13
tract,24510151300,1621,0.14,0.18,1751,0.55,0.28,0.1
tract,24510160100,1168,0.23,0.18,853,0.71,0.25,0.04
tract,24510160200,889,0.08,0.43,776,0.52,0.23,0.26
tract,24510160300,583,0.27,0.29,403,0.27,0.18,0.4
tract,24510160400,757,0.41,0.17,430,0.49,0.25,0.16
tract,24510160500,1497,0.35,0.14,1023,0.68,0.18,0.05
tract,24510160600,1476,0.23,0.11,923,0.42,0.21,0.34
tract,24510160700,1489,0.25,0.13,1145,0.63,0.31,0.06
tract,24510160801,1297,0.1,0.17,1082,0.74,0.19,0.07
tract,24510160802,997,0.16,0.17,1023,0.65,0.25,0.1
tract,24510170100,963,0.09,0.2,853,0.51,0.34,0.15
tract,24510170200,1448,0.05,0.31,682,0.3,0.59,0.03
tract,24510170300,938,0.14,0.23,796,0.52,0.46,0.01
tract,24510180300,952,0.03,0.21,1118,0.4,0.36,0.22
tract,24510190100,787,0.1,0.29,558,0.46,0.35,0.12
tract,24510190200,756,0.1,0.07,1133,0.36,0.43,0.15
tract,24510190300,806,0.2,0.28,873,0.51,0.17,0.31
tract,24510200100,615,0.1,0.07,500,0.57,0.15,0.28
tract,24510200200,849,0.14,0.26,510,0.7,0.19,0.05
tract,24510200300,363,0.09,0.31,369,0.39,0.39,0.04
tract,24510200400,379,0.23,0.32,310,0.52,0.35,0.01
tract,24510200500,855,0.19,0.3,865,0.49,0.2,0.06
tract,24510200600,1065,0.05,0.16,1007,0.59,0.28,0.11
tract,24510200701,1931,0.17,0.19,1995,0.72,0.19,0.08
tract,24510200702,593,0.23,0.02,463,0.48,0.39,0.08
tract,24510200800,805,0.15,0.2,870,0.49,0.43,0.08
tract,24510210100,1113,0.02,0.25,1335,0.49,0.19,0.3
tract,24510210200,1700,0.04,0.17,1679,0.68,0.11,0.15
tract,24510220100,2805,0.14,0.05,2179,0.56,0.21,0.22
tract,24510230100,1240,0.03,0.03,1364,0.65,0.12,0.23
tract,24510230200,830,0.03,0.11,1276,0.62,0.12,0.25
tract,24510230300,794,0,0.03,1147,0.71,0.07,0.2
tract,24510240100,1945,0.03,0.09,2401,0.65,0.07,0.27
tract,24510240200,1556,0.01,0.05,2056,0.57,0.08,0.34
tract,24510240300,1061,0,0.13,1434,0.56,0.09,0.33
tract,24510240400,1364,0.02,0.05,1888,0.51,0.12,0.36
tract,24510250101,1657,0.04,0.07,1896,0.64,0.19,0.17
tract,24510250102,1314,0.05,0.16,1576,0.6,0.23,0.09
tract,24510250103,1750,0.27,0.13,1331,0.68,0.12,0.15
tract,24510250203,771,0.06,0.24,732,0.67,0.21,0.07
tract,24510250204,1593,0.2,0.22,1088,0.55,0.4,0
tract,24510250205,1312,0.18,0.23,1494,0.84,0.1,0.01
tract,24510250206,1041,0.12,0.26,1029,0.68,0.01,0.28
tract,24510250207,791,0.07,0.18,689,0.8,0.09,0.11
tract,24510250301,726,0.07,0.19,617,0.86,0.1,0
tract,24510250303,781,0.13,0.24,500,0.72,0.19,0
tract,24510250401,1493,0.05,0.21,1798,0.76,0.06,0.11
tract,24510250402,1570,0.1,0.21,1642,0.72,0.19,0.03
tract,24510250500,2105,0.26,0.16,2056,0.87,0.08,0.04
tract,24510250600,34,0,0,27,1,0,0
tract,24510260101,1928,0.05,0.08,2432,0.88,0.08,0.05
tract,24510260102,1999,0.06,0.16,2619,0.8,0.06,0.07
tract,24510260201,2511,0.07,0.12,2870,0.72,0.07,0.1
tract,24510260202,2851,0.03,0.13,2627,0.75,0.15,0.01
tract,24510260203,1051,0.09,0.13,1179,0.88,0.09,0.04
tract,24510260301,1494,0.09,0.24,1689,0.82,0.11,0.04
tract,24510260302,2597,0.09,0.24,2254,0.8,0.07,0.07
tract,24510260303,735,0.07,0.18,717,0.82,0.17,0.02
tract,24510260401,1105,0.23,0.18,893,0.99,0,0
tract,24510260402,1296,0.12,0.3,1312,0.77,0.1,0.07
tract,24510260403,744,0.14,0.09,733,0.76,0.14,0.11
tract,24510260404,454,0.08,0.34,711,0.6,0.13,0.14
tract,24510260501,1709,0.14,0.17,1736,0.78,0.18,0.02
tract,24510260604,581,0.08,0.31,566,0.75,0.04,0
tract,24510260605,2237,0.06,0.18,2787,0.86,0.06,0.06
tract,24510260700,1147,0.03,0.15,1535,0.67,0.04,0.3
tract,24510260800,992,0.08,0.19,1302,0.47,0.28,0.23
tract,24510260900,2113,0.03,0.03,2982,0.68,0.06,0.25
tract,24510261000,951,0.07,0.18,1046,0.65,0.14,0.2
tract,24510261100,1002,0.01,0.05,1732,0.66,0.05,0.28
tract,24510270101,562,0.01,0.09,786,0.57,0.04,0.39
tract,24510270102,1442,0.06,0.14,1752,0.79,0.04,0.18
tract,24510270200,743,0.04,0.07,866,0.8,0.03,0.16
tract,24510270301,1263,0.09,0.08,1532,0.66,0.1,0.23
tract,24510270302,739,0.01,0.08,947,0.69,0.05,0.22
tract,24510270401,1851,0.12,0.12,1926,0.61,0.14,0.19
tract,24510270402,1093,0.01,0.08,1533,0.7,0.05,0.19
tract,24510270501,1725,0.04,0.18,2402,0.77,0.01,0.21
tract,24510270502,1605,0.05,0.06,1996,0.75,0.09,0.16
tract,24510270600,1810,0.06,0.12,2286,0.78,0.03,0.16
tract,24510270701,1154,0.15,0.12,1449,0.85,0.1,0.03
tract,24510270702,1051,0.01,0.15,1271,0.79,0.11,0.11
tract,24510270703,1359,0.03,0.06,1800,0.7,0.14,0.15
tract,24510270801,1412,0.02,0.2,1663,0.62,0.11,0.22
tract,24510270802,2484,0.06,0.08,2747,0.66,0.13,0.18
tract,24510270803,2931,0.06,0.13,3245,0.69,0.11,0.15
tract,24510270804,1454,0.05,0.08,1479,0.55,0.11,0.3
tract,24510270805,2006,0.06,0.13,2670,0.55,0.28,0.14
tract,24510270901,1739,0.17,0.17,1636,0.74,0.1,0.12
tract,24510270902,1355,0.06,0.16,1792,0.71,0.12,0.16
tract,24510270903,1287,0.11,0.18,2369,0.66,0.14,0.17
tract,24510271001,937,0.07,0.24,942,0.66,0.23,0.11
tract,24510271002,1522,0.03,0.05,1507,0.76,0.07,0.13
tract,24510271101,874,0.12,0.08,1291,0.43,0.22,0.32
tract,24510271102,501,0.01,0.13,1586,0.45,0.22,0.29
tract,24510271200,2191,0.01,0.04,3199,0.55,0.02,0.4
tract,24510271300,1043,0.01,0.11,1285,0.69,0.03,0.27
tract,24510271400,1502,0,0.05,1721,0.5,0.12,0.32
tract,24510271501,1761,0.04,0.04,2174,0.64,0.11,0.24
tract,24510271503,573,0,0.1,374,0.48,0.04,0.46
tract,24510271600,1358,0.12,0.17,1178,0.86,0.06,0.08
tract,24510271700,1734,0.21,0.13,1714,0.82,0.11,0.05
tract,24510271801,1236,0.29,0.14,872,0.42,0.26,0.12
tract,24510271802,787,0.19,0.08,797,0.75,0.2,0.04
tract,24510271900,1430,0.05,0.18,1577,0.79,0.01,0.19
tract,24510272003,2206,0.07,0.13,2479,0.82,0.02,0.15
tract,24510272004,1734,0.07,0.12,1644,0.63,0.02,0.28
tract,24510272005,1266,0.03,0.08,1496,0.75,0.02,0.23
tract,24510272006,1591,0.22,0.25,1339,0.66,0.21,0.08
tract,24510272007,1530,0.15,0.12,1549,0.78,0.11,0.06
tract,24510280101,1219,0.03,0.18,1491,0.7,0.18,0.08
tract,24510280102,2204,0.14,0.12,2236,0.8,0.11,0.09
tract,24510280200,1665,0.06,0.12,1814,0.7,0.19,0.11
tract,24510280301,1968,0.18,0.1,1747,0.71,0.05,0.23
tract,24510280302,1306,0.23,0.06,1374,0.55,0.19,0.23
tract,24510280401,1622,0.05,0.1,1556,0.71,0.09,0.2
tract,24510280402,598,0.15,0.14,505,0.78,0.05,0.17
tract,24510280403,1822,0.02,0.1,2226,0.67,0.06,0.2
tract,24510280404,1175,0.05,0.19,1138,0.66,0.23,0.1
tract,24510280500,959,0.12,0.22,526,0.29,0.61,0.02
tract,24510280600,1554,0.12,0.16,1335,0.43,0.37,0.17
